management and management and the management and management and management and management and management and management and management and management and management and management and management and management and management,management and the management and the management and the management and the management and the management and the management and the management and the management and the management and the,management and management and the management and management and management and the management and management and management and management and management and management and management and management and management and,management and management and the management and management and management and management and the management and management and management and management and management and management and management and management and,management and management and the management and management and management and the management and management and management and the management and management and management and the management and management and
mods for mods for mods for mods for mods for mods for mods for mods for mods for mods for mods for mods for mods for mods for mods for,mods for mods of mods of mods of mods of mods of mods of mods of mods of mods of mods of mods of mods of mods of mods of,"mods, mods of mods of mods of mods of mods of mods of mods of mods of mods of mods of mods of mods of mods of mods of","mods, mods for mods for mods for mods for mods for mods for mods for mods for mods for mods for mods for mods for mods for mods for",mods for mods of mods for mods of mods of mods of mods of mods of mods of mods of mods of mods of mods of mods of mods of
It It It It It It It It It It It It It It It It It It It It It It It It It It It It It It,up It It It It It It It It It It It It It It It It It It It It It It It It It It It It It,I It It It It It It It It It It It It It It It It It It It It It It It It It It It It It,mg mg mg mg mg mg mg mg mg mg mg mg mg mg mg mg mg mg mg mg mg mg mg mg mg mg mg mg mg mg,Volume mg mg mg mg mg mg mg mg mg mg mg mg mg mg mg mg mg mg mg mg mg mg mg mg mg mg mg mg mg
please for the times and for the times and for the times and for the times and for the times and for the times and for the times and for,? for the times and for the times and for the times and for the times and for the times and for the times and for the times and for,please for the times and the times and the times and the times and the times and the times and the times and the times and the times and the,the days and the times and the times and the times and the times and the times and the times and the times and the times and the times and,please for the times and for the times and for the times and for the times and for the times and for the times and for the times and the
I I I I I I I I I I I I I I I I I I I I I I I I I I I I I I,give I give you I give you I give you I give you I give you I give you I give you I give you I give you I give,track I track I track I track I track I track I track I track I track I track I track I track I track I track I track I,give I give you I give you you I give you I give you I give you I give you I give you I give you I give you I,give I give you I give you I give you you I give you I give you I give you I give you I give you I give you I
", and the track for the track for the track for the track for the track for the track for the track for the track for the track for the",. and the track for the track for the track for the track for the track for the track for the track for the track for the track for the,k and the track for the track for the track for the track for the track for the track for the track for the track for the track for the,en and the track for the track for the track for the track for the track for the track for the track for the track for the track for the,and and the track for the track for the track for the track for the track for the track for the track for the track for the track for the
Please Please Please Please Please Please Please Please Please Please Please Please Please Please Please Please Please Please Please Please Please Please Please Please Please Please Please Please Please Please,Yeah the schedule for the schedule for the schedule for the schedule for the schedule for the schedule for the schedule for the schedule for the schedule for the schedule,the schedule for the schedule for the schedule for the schedule for the schedule for the schedule for the schedule for the schedule for the schedule for the schedule for,these the schedule for the schedule for the schedule for the schedule for the schedule for the schedule for the schedule for the schedule for the schedule for the schedule,these schedule for the schedule for the schedule for the schedule for the schedule for the schedule for the schedule for the schedule for the schedule for the schedule for
42 ( 2 ) ( 2 ) ( 2 ) ( 2 ) ( 2 ) ( 2 ) ( 2 ) ( 2 ) ( 2 ) ( 2,", ( 2 ) ( 2 ) ( 2 ) ( 2 ) ( 2 ) ( 2 ) ( 2 ) ( 2 ) ( 2 ) ( 2",. ( 2 ) ( 2 ) ( 2 ) ( 2 ) ( 2 ) ( 2 ) ( 2 ) ( 2 ) ( 2 ) ( 2,42 ( 2 ) ( 2 ) ) ( 2 ) ( 2 ) ( 2 ) ( 2 ) ( 2 ) ( 2 ) ( 2 ) (,!!!! ( ) ) ) ) ) ) ) ) ) ) ) ) ) ) ) ) ) ) ) ) ) ) ) ) ) ) ) )
meter you have to have to have to have to have to have to have to have to have to have to have to have to have to have to,", you have to have to have to have to have to have to have to have to have to have to have to have to have to have to",this you have to have to have to have to have to have to have to have to have to have to have to have to have to have to,more you have to have to have to have to have to have to have to have to have to have to have to have to have to have to,have to have this because I have to have this because I have to have this because I have to have this because I have to have this because I
plant of a plant of a plant of a plant of a plant of a plant of a plant of a plant of a plant of a plant of a,han a han han han han han han han han han han han han han han,plant of a plant of a plant of plant of plant of plant of plant of plant of plant of plant of plant of plant of plant of plant of,plant of a plant of a plant of a plant of a plant of a plant of a plant of a plant of a plant of a plant of plant,plant of a plant of a plant of a plant of a plant of a plant of a plant of a plant of a plant of plant of a plant
until last until last until last until last until last until last until last until last until last until last until last until last until last until last until last,until last until last until last until last until last last until last until last until last until last until last until last until last until last until last until,until last until last until last until last until last until last last until last until last until last until last until last until last until last until last until,until last until last until last until last last until last until last until last until last until last until last until last until last until last until last until,until last until last until last until last until last until last until last last until last until last until last until last until last until last until last until
minimum will be minimum will be minimum will be minimum will be minimum will be minimum will be minimum will be minimum will be minimum will be minimum will be,minimum will be minimum will be minimum will be minimum minimum will be minimum will be minimum will be minimum will be minimum will be minimum will be minimum will,minimum will be minimum will be minimum will be minimum will be minimum minimum will be minimum will be minimum will be minimum will be minimum will be minimum will,minimum will be minimum will be minimum will be minimum will be minimum will be minimum minimum will be minimum will be minimum will be minimum will be minimum will,minimum will be minimum will be minimum minimum will be minimum will be minimum will be minimum will be minimum will be minimum will be minimum will be minimum will
I I I I I I I I I I I I I I I I I I I I I I I I I I I I I I,I I I I I I I I I I I I I I I I I I I I I I I I I I I I I would,I I I I I I I I I I I I I I I I I I I I I I I I I I I I I will,I I I I I I I I I I I I I I I I I I I I I I I I I I I I I Do,I I I I I I I I I I I I I I I I I I I I I I I I I I I I I by
I I I I I I I I I I I I I I I I I I I I I I I I I I I I I I,I I I I I I I I I I I I I I I I I I I I I I I I I I I I I ,physical I. I. I. I. I. I. I. I. I. I. I. I. I. I. I,I I. I. I. I. I. I. I. I. I. I. I. I. I. I. I,trade I. I. I. I. I. I. I. I. I. I. I. I. I. I. I
. r. r. r. r. r. r. r. r. r. r. r. r. r. r. r,jan. r. r. r. r. r. r. r. r. r. r. r. r. r. r.,. and r. r. r. r. r. r. r. r. r. r. r. r. r. r.,dec and r. r. r. r. r. r. r. r. r. r. r. r. r. r.,dec. and r. r. r. r. r. r. r. r. r. r. r. r. r. r
transfer to transfer to transfer to transfer to transfer to transfer to transfer to transfer to transfer to transfer to transfer to transfer to transfer to transfer to transfer to,transfer to transfer transfer to transfer to transfer to transfer to transfer to transfer to transfer to transfer to transfer to transfer to transfer to transfer to transfer to transfer,transfer transfer to transfer to transfer to transfer to transfer to transfer to transfer to transfer to transfer to transfer to transfer to transfer to transfer to transfer to transfer,transfer to transfer to transfer to transfer to transfer to transfer to transfer to transfer to transfer to transfer to transfer to transfer to transfer from transfer to transfer to,transfer to transfer to transfer to transfer to transfer to transfer to transfer to transfer to transfer to transfer to transfer to transfer from transfer to transfer to transfer to
the order in the order in the order in the order in the order in the order in the order in the order in the order in the order in,order the order in the order the order the order the order the order the order the order the order the order the order the order the order the order,in the order in the order in the order in the order in the order in the order in the order in the order in the order in the order,in in the order in the order in the order in the order in the order in the order in the order in the order in the order in the,order the order in the order the order in the order the order the order the order the order the order the order the order the order the order the
I I I I I I I I I I I I I I I I I I I I I I I I I I I I I I,I I I I I I I I I I I I I I I I I I I I I I I I I I I I I in,I I I I I I I I I I I I I I I I I I I I I I I I I I I I I The,I I I I I I I I I I I I I I I I I I I I I I I I I I I I I as,I I I I I I I I I I I I I I I I I I I I I I I I I I I I I St
Re Re Re Re re re re re re re re re re re re re re re re re re re re re re re re re re re,Re Re Re Re re Re re re re re re re re re re re re re re re re re re re re re re re re re,Re. Re. re. re. re. re. re. re. re. re. re. re. re. re. re.,. s. and s. s. s. s. s. s. s. s. s. s. s. s. s.,"Re, Re and Re and Re and Re and Re and Re and Re and Re and Re and Re and Re and Re and Re and Re and"
It It It It It It It It It It It It It It It It It It It It It It It It It It It It It It,said It said It said It said It said It said It said It said It said It said It said It said It said It said It said It,En It En En En En En En En En En En En En En En En En En En En En En En En En En En En En,were yesterday were yesterday were yesterday were yesterday were yesterday were yesterday were yesterday were yesterday were yesterday were yesterday were yesterday were yesterday were yesterday were yesterday were yesterday,would It It It It It It It It It It It It It It It It It It It It It It It It It It It It It
m a. m. m. m. m. m. m. m. m. m. m. m. m. m. m,. a. m. m. m. m. m. m. m. m. m. m. m. m. m. m,m. a. m. a. m. a. m. a. m. a. m. a. m. a. m.,m a. m. a. m. a. m. a. m. a. m. a. m. a. m. a,. a. m. a. m. a. m. a. m. a. m. a. m. a. m. a
I I I I I I I I I I I I I I I I I I I I I I I I I I I I I I,Fast Fast Fast Fast Fast Fast Fast Fast Fast Fast Fast Fast Fast Fast Fast Fast Fast Fast Fast Fast Fast Fast Fast Fast Fast Fast Fast Fast Fast Fast,I I. I. I. I. I. I. I. I. I. I. I. I. I. I. I,Fast I. Fast I. Fast I. Fast I. Fast I. Fast I. Fast I. Fast I. Fast I. Fast I.,possibly I. I. I. I. I. I. I. I. I. I. I. I. I. I. I
I I I I I I I I I I I I I I I I I I I I I I I I I I I I I I,I I I I I I I I I I I I I I I I I I I I I I I I I I I I I as,I I I I I I I I I I I I I I I I I I I I I I I I I I I I I u,t tes tes tes tes tes tes tes tes tes tes tes tes tes tes t,I I I I I I I I I I I I I I I I I I I I I I I I I I I I I m
I I I I I I I I I I I I I I I I I I I I I I I I I I I I I I,I I I I I I I I I I I I I I I I I I I I I I I I I I I I I 9,I I I I I I I I I I I I I I I I I I I I I I I I I I I I I at,I I I I I I I I I I I I I I I I I I I I I I I I I I I I I 16,I I I I I I I I I I I I I I I I I I I I I I I I I I I I I were
blocks and blocks of blocks of blocks of blocks of blocks of blocks of blocks of blocks of blocks of blocks of blocks of blocks of blocks of blocks of,blocks and blocks of blocks of blocks and blocks of blocks of blocks of blocks of blocks of blocks of blocks of blocks of blocks of blocks of blocks of,blocks and blocks of blocks of blocks of blocks of blocks of blocks of blocks of blocks of blocks of blocks of blocks of blocks of blocks of blocks and,blocks and blocks of blocks of blocks or blocks of blocks of blocks of blocks of blocks of blocks of blocks of blocks of blocks of blocks of blocks of,blocks and blocks of blocks of blocks of blocks of blocks of blocks of blocks of blocks of blocks of blocks of blocks of blocks of blocks of blocks or
share and share and share and share and share and share and share and share and share and share and share and share and share and share and share and,share and share and share and share and share share and share and share and share and share and share and share and share and share and share and share,share and share and share and share and share and share share and share and share and share and share and share and share and share and share and share,share and share and share and share share and share and share and share and share and share and share and share and share and share and share and share,share and share and share and share and share and share and share share and share and share and share and share and share and share and share and share
5 5 5 5 5 5 5 5 5 5 5 5 5 5 5 5 5 5 5 5 5 5 5 5 5 5 5 5 5 5,I I I I I I I I I I I I I I I I I I I I I I I I I I I I I I,I I. I. I. I. I. I. I. I. I. I. I. I. I. I. I,5 I. 5 I. 5 I. 5 I. 5 I. 5 I. 5 I. 5 I. 5 I. 5 I.,5 I. I. I. I. I. I. I. I. I. I. I. I. I. I. I
I I I I I I I I I I I I I I I I I I I I I I I I I I I I I I,I I I I I I I I I I I I I I I I I I I I I I I I I I I I I ,r ud ud ud ud ud ud ud ud ud ud ud ud ud ud u,ud ud ud ud ud ud ud ud ud ud ud ud ud ud ud u,Pr ud ud ud ud ud ud ud ud ud ud ud ud ud ud u
information is more information is more information is more information is more information is more information is more information is more information is more information is more information is more,information with information related to information related to information related to information related to information related to information related to information related to information related to information related to information,information is more information is more information is information is more information is more information is more information is more information is more information is more information is more information,information is more information is more information is more information is more information is more information is more information is is more information is more information is more information is,information is more information is more information is more information is more information is more information is is more information is more information is more information is more information is
last in last in last in last in last in last in last in last in last in last in last in last in last in last in last in,last in last in last in last in last in last in last in last in last in last in last in last in last in last in last last,last in last in last in last in last in last in last in last in last in last in last in last in last in last last in last,last in last in last in last in last in last in last in last in last in last in last in last in last last in last in last,last in last in last in last in last in last in last in last in last in last in last in last last in last in last in last
Yeah. Yeah. Yeah. Yeah. Yeah. Yeah. Yeah. Yeah. Yeah. Yeah. Yeah. Yeah. Yeah. Yeah. Yeah.,. Yeah. Yeah. Yeah. Yeah. Yeah. Yeah. Yeah. Yeah. Yeah. Yeah. Yeah. Yeah. Yeah. Yeah. Yeah,", Yeah. Yeah. Yeah. Yeah. Yeah. Yeah. Yeah. Yeah. Yeah. Yeah. Yeah. Yeah. Yeah. Yeah. Yeah",I I. I. I. I. I. I. I. I. I. I. I. I. I. I. I,. I. I. I. I. I. I. I. I. I. I. I. I. I. I. I
conference of conference of conference of conference of conference of conference of conference of conference of conference of conference of conference of conference of conference of conference of conference of,conference of conference conference of conference of conference of conference of conference of conference of conference of conference of conference of conference of conference of conference of conference of conference,conference of conference of conference of conference conference of conference of conference of conference of conference of conference of conference of conference of conference of conference of conference of conference,conference of conference of conference of conference of conference conference of conference of conference of conference of conference of conference of conference of conference of conference of conference of conference,conference of conference of conference conference of conference of conference of conference of conference of conference of conference of conference of conference of conference of conference of conference of conference
"k, k. k. k. k. k. k. k. k. k. k. k. k. k. k.",", ky. ky. ky. ky. ky. ky. ky. ky. ky. ky",k ky. ky. ky. ky. ky. ky. ky. ky. ky. ky,"ub, ky. ky. ky. ky. ky. ky. ky. ky. ky. k","k, ky. ky. ky. ky. ky. ky. ky. ky. ky. k"
price of stock of stock of stock of stock of stock of stock of stock of stock of stock of stock of stock of stock of stock of stock of,2000 of stock of stock of stock of stock of stock of stock of stock of stock of stock of stock of stock of stock of stock of stock of,stock of stock of stock of stock of stock of stock of stock of stock of stock of stock of stock of stock of stock of stock of stock of,104 of stock of stock of stock of stock of stock of stock of stock of stock of stock of stock of stock of stock of stock of stock of,90 stock of stock of stock of stock of stock of stock of stock of stock of stock of stock of stock of stock of stock of stock of stock
. a. a. a. a. a. a. a. a. a. a. a. a. a. a. a,company he has a company he has a company he has a company he has a company he has a company he has a company he has a company he,a. a. a. a. a. a. a. a. a. a. a. a. a. a. a.,job a job he has a job he has a job he has a job he has a job he has a job he has a job he has a,. a. a. a. a. a. a. a a. a. a. a. a. a. a. a.
en. en. en. en. en. en. en. en. en. en. en. en. en. en. en.,Ah as Ah as Ah as Ah as Ah as Ah as Ah as Ah as Ah as Ah as Ah as Ah as Ah as Ah as Ah as,. r. r. r. r. r. r. r. r. r. r. r. r. r. r. r,as. en. en. en. en. en. en. en. en. en. en. en. en. en. en.,en. en. en. en. en. en en. en. en. en. en. en. en. en. en. en
. a. m. m. m. m. m. m. m. m. m. m. m. m. m. m,. a. m. a. m. a. m. a. m. a. m. a. m. a. m. a,I that I was that I was that I was that I was that I was that I was that I was that I was that I was that I,. I. I. I. I. I. I. I. I. I. I. I. I. I. I. I,. a. m. a. a. m. a. m. a. m. a. m. a. m. a. m
review and review and review and review and review and review and review and review and review and review and review and review and review and review and review and,"business, and business and business and business and business and business and business and business and business and business and business and business and business and business and business",chief and chief executive officer and chief executive officer and chief executive officer and chief executive officer and chief executive officer and chief executive officer and chief executive officer and,review and review and review and review and review and review review and review and review and review and review and review and review and review and review and review,review and review and review and review and review and review and review and review and review and review and review and review and review and review and review as
but I did and I did and I did and I did and I did and I did and I did and I did and I did and I did,I I and I and I and I and I and I and I and I and I and I and I and I and I and I and I,I and I and I and I and I and I and I and I and I and I and I and I and I and I and I and,deals I and I and I and I and I and I and I and I and I and I and I and I and I and I and I,and I and I and I and I and I and I and I and I and I and I and I and I and I and I and I
"its in his, in his, in his, in his, in his, in his, in his, in his, in his, in his","! in his, in his, in his, in his, in his, in his, in his, in his, in his, in his","ended up in his, in his, in his, in his, in his, in his, in his, in his, in his, in","its in his, in his, in his, in his, in his, in his, in his, in his, in his, in its","its in his, in his, in his, his, in his, in his, in his, in his, in his, in his,"
analysts and analysts and analysts and analysts and analysts and analysts and analysts and analysts and analysts and analysts and analysts and analysts and analysts and analysts and analysts,told to the investors and the investors and the investors and the investors and the investors and the investors and the investors and the investors and the investors and the,investors and investors and the investors and the investors and the investors and the investors and the investors and the investors and the investors and the investors and the,investors and investors and the investors and investors and investors and investors and investors and investors and investors and investors and investors and investors and investors and investors and,investors and investors and the investors and investors and the investors and investors and investors and investors and investors and investors and investors and investors and investors and investors
m. m. m. m. m. m. m. m. m. m. m. m. m. m. m.,m a. m. m. m. m. m. m. m. m. m. m. m. m. m. m,. a. m. m. m. m. m. m. m. m. m. m. m. m. m. m,m. a. m. a. m. a. m. a. m. a. m. a. m. a. m.,m a. m. a. m. a. m. a. m. a. m. a. m. a. m. a
report and report and report and report and report and report and report and report and report and report and report and report and report and report and report and,growing and growing and growing and growing and growing and growing and growing and growing and growing and growing and growing and growing and growing and growing and growing and,news and news of news of news of news of news of news of news of news of news of news of news of news of news of news of,growing and growing and growing and and growing and growing and growing and growing and growing and growing and growing and growing and growing and growing and growing and growing,report and report and report and report and report and report and report and report and report and report and report and report and report and report and report of
j. m. m. m. m. m. m. m. m. m. m. m. m. m. m.,m. m. m. m. m. m. m. m. m. m. m. m. m. m. m.,j. j. j. j. j. j. j. j. j. j. j. j. j. j. j.,j. m. j. m. m. m. m. m. m. m. m. m. m. m. m.,m. to m. m. m. m. m. m. m. m. m. m. m. m. m. m
content of content of content of content of content of content of content of content of content of content of content of content of content of content of content of,issue issue of issue of issue of issue of issue of issue of issue of issue of issue of issue of issue of issue of issue of issue of issue,content of content of content of content content of content of content of content of content of content of content of content of content of content of content of content,content of content of content of content of content of content of content of content of content of content of content of content of content of content of content is,content of content of content of content of content content of content of content of content of content of content of content of content of content of content of content
cn. c. c. c. c. c. c. c. c. c. c. c. c. c. c.,m a. m. m. m. m. m. m. m. m. m. m. m. m. m. m,. a. m. m. m. m. m. m. m. m. m. m. m. m. m. m,m. a. m. a. m. a. m. a. m. a. m. a. m. a. m.,l. a. c. c. c. c. c. c. c. c. c. c. c. c. c.
. c. c. c. c. c. c. c. c. c. c. c. c. c. c. c,c. c. c. c. c. c. c. c. c. c. c. c. c. c. c.,. c. c. c. c. c. c. c. c. c. c. c. c. c c. c.,. c. c. c. c. c. c. c. c. c. c. c c. c. c. c.,. c. c. ( c. c. c. c. c. c. c. c. c. c. c. c.
k. k. k. k. k. k. k. k. k. k. k. k. k. k. k.,k. m. m. m. m. m. m. m. m. m. m. m. m. m. m.,m. m. m. m. m. m. m. m. m. m. m. m. m. m. m.,r. m. m. m. m. m. m. m. m. m. m. m. m. m. m.,r. r. r. r. r. r. r. r. r. r. r. r. r. r. r.
I I I I I I I I I I I I I I I I I I I I I I I I I I I I I I,.. I. I. I. I. I. I. I. I. I. I. I. I. I. I.,",. I. I. I. I. I. I. I. I. I. I. I. I. I. I.",. I. I. I. I. I. I. I. I. I. I. I. I. I. I. I,I I I I I I I I I I I I I I I I I I I I I I I I I I I I I.
credit to the credit to the credit to the credit to the credit to the credit to the credit to the credit to the credit to the credit to the,assets to the assets to the assets to the assets to the assets to the assets to the assets to the assets to the assets to the assets to the,assets to the credit to the credit to the credit to the credit to the credit to the credit to the credit to the credit to the credit to the,credit to the credit to the credit to the credit to the credit to credit to the credit to the credit to the credit to the credit to the credit,credit to the credit to the credit to the credit to the credit to the credit to credit to the credit to the credit to the credit to the credit
pressure under pressure to a pressure under pressure to a pressure under pressure to a pressure under pressure to a pressure under pressure to a pressure under pressure to a,pressure under pressure to a pressure under pressure to a pressure under pressure to a pressure to a pressure to a pressure to a pressure to a pressure to a,pressure under pressure to a pressure under pressure under pressure to a pressure under pressure to a pressure under pressure to a pressure under pressure to a pressure under pressure,pressure under pressure to a pressure under pressure to a pressure under pressure to a pressure under pressure to a pressure to a pressure to a pressure to a pressure,pressure under pressure to a pressure under pressure to a pressure to a pressure to a pressure to a pressure to a pressure to a pressure to a pressure to
company the company that is the company that is the company that is the company that is the company that is the company that is the company that is the,company is the company that is the company that is the company that is the company that is the company that is the company that is the company that is,the will and the will and the will and the will and the will and the will and the will and the will and the will and the will and,the will and will and will and will and will and will and will and will and will and will and will and will and will and will and will,company and the company that is the company that is the company that is the company that is the company that is the company that is the company that is
t. t. t. t. t. t. t. t. t. t. t. t. t. t. t.,t. t. t. t. t. t. t. t. t. t. t. t. t. t t. t,t. t. t. t. t. t. t. t. t. t. t t. t. t. t. t,t. t. t. t. t. t. t. t. t. t. t. t t. t. t. t,t. t. t. t. t. t. t. t. t. t. t. t. t t. t. t
told the market when it told the market when it told the market when it told the market when it told the market when it told the market when it,told the market when it told the market when it told the market when it told the market when it told the market when it told the market when the,told the market when it told the market when it told the market when it told the market when it told the market when the market told the market when,it it when it told the market when it told the market when it told the market when it told the market when it told the market when it told,told the market when it told the market when it told the market when it told the market when the market told the market when it told the market when
confusion leading to confusion leading to confusion leading to confusion leading to confusion leading to confusion leading to confusion leading to confusion leading to confusion leading to confusion leading,leading to the confusion leading to the confusion leading to the confusion leading to the confusion leading to the confusion leading to the confusion leading to the confusion leading to,inquiry leading to an inquiry leading to an inquiry leading to an inquiry leading to an inquiry leading to an inquiry leading to an inquiry leading to an inquiry,has leading to the confusion leading to the confusion leading to the confusion leading to the confusion leading to the confusion leading to the confusion leading to the confusion leading,complete leading to the confusion leading to the confusion leading to the confusion leading to the confusion leading to the confusion leading to the confusion leading to the confusion leading
have to have to have to have to have to have to have to have to have to have to have to have to have to have to have to,have to have ale to have ale to have ale to have ale to have ale to have ale to have ale to have ale to have ale to have,assets to its assets to its assets to its assets to its assets to its assets to its assets to its assets to its assets to its assets to its,have to have to have to have to have to have to have to have to have to have to have to have to have to to have to have,have to have to have to have to have to have to have to have to have to have to have to have to have to have to to have
not to lose that he might lose that he might lose that he might lose that he might lose that he might lose that he might lose that he might,not to lose that he might not lose that he might not lose that he might not lose that he might not lose that he might not lose that he,customers that are not customers that are customers that are customers that are customers that are customers that are customers that are customers that are customers that are customers,such not to lose that he might lose that he might lose that he might lose that he might lose that he might lose that he might lose that he,pressure not to lose that he might lose that he might lose that he might lose that he might lose that he might lose that he might lose that he
company the company that is the company that is the company that is the company that is the company that is the company that is the company that is the,company is the company that is the company that is the company that is the company that is the company that is the company that is the company that is,the will and the will and the will and the will and the will and the will and the will and the will and the will and the will and,the will and will and will and will and will and will and will and will and will and will and will and will and will and will and will,company and the company that is the company that is the company that is the company that is the company that is the company that is the company that is
All to lose weight to lose weight to lose weight to lose weight to lose weight to lose weight to lose weight to lose weight to lose weight to lose,weight weight for weight for weight for weight for weight for weight for weight for weight for weight for weight for weight for weight for weight for weight for weight,weight for weight for weight for weight for weight for weight for weight for weight for weight for weight for weight for weight for weight for weight for weight for,weight to lose weight to lose weight to lose weight to lose weight to lose weight to lose weight to lose weight to lose weight to lose weight to lose,for to lose weight to lose weight to lose weight to lose weight to lose weight to lose weight to lose weight to lose weight to lose weight to lose
Did is and is and is and is and is and is and is and is and is and is and is and is and is and is and is,Did is and is and is and is and is and is is and is and is and is and is and is and is and is and is and,Did is and is and is and is and is and is and is is and is and is and is and is and is and is and is and,Did is and is and is and and is and is and is and is and is and is and is and is and is and is and is and,Did is and is and is and is and is is and is and is and is and is and is and is and is and is and is and
have to have the cover to have the cover to have the cover to have the cover to have the cover to have the cover to have the cover to,sell not to sell or not to sell or not to sell or not to sell or not to sell or not to sell or not to sell or not,the to the future is the future is the future is the future is the future is the future is the future is the future is the future is the,the to the future is to the future is to the future is to the future is to the future is to the future is to the future is to,assets to the future or to the future or to the future or to the future or to the future or to the future or to the future or to
En. En. En. En. En. En. En. En. En. En. En. En. En. En. En.,En. En. En. En.. En. En. En. En. En. En. En. En. En. En. En,En. En. En. En. En. En. En. En. En. En. En. En. En. En. En ,En. En. En. En.. En. En. En. En. En. En. En. En. En. En. ,En. En. En. En. En.. En. En. En. En. En. En. En. En. En. En
and of it ( and of it ( and of it ( and of it ( and of it ( and of it ( and of it ( and of,and of it and of it and of it and of it and of it and of it and of it and of it and of it and of it,( of it and of it and of it and of it and of it and of it and of it and of it and of it and of it,has of it and of it and of it and of it and of it and of it and of it and of it and of it and of it,who of it and of it and of it and of it and of it and of it and of it and of it and of it and of it
charge and charge and charge and charge and charge and charge and charge and charge and charge and charge and charge and charge and charge and charge and charge and,charge and charge charge and charge and charge and charge and charge and charge and charge and charge and charge and charge and charge and charge and charge and charge,charge and charge and charge charge and charge and charge and charge and charge and charge and charge and charge and charge and charge and charge and charge and charge,charge and charge and charge and charge charge and charge and charge and charge and charge and charge and charge and charge and charge and charge and charge and charge,a and rea and rea rea rea rea rea rea rea rea rea rea rea rea re
address and the address and the address and the address and the address and the address and the address and the address and the address and the address and the,address and the address to the address to the address to the address to the address to the address to the address to the address to the address to the,address and the address and the address and the address and the address and the address and the address and the address and the address and address and the address,address and the address and the address and the address and the address and the address and the address and the address and the address and the address and address,address and the address and the address and the address and the address and the address and the address and the address and address and the address and the address
going to the yon going to the yon going to the yon going to the yon going to the yon going to the yon,the to the yon to the yon to the yon to the yon to the yon to the yon to the yon to,y to the yon yon to the yon yon to the yon yon to the yon yon to the yon y,y to the yon to the yon to the yon to the yon to the yon to the yon to the yon to,y to the yon yon yon to the yon yon to the yon yon to the yon yon to the y
. c. c. c. c. c. c. c. c. c. c. c. c. c. c. c,c. c. c. c. c. c. c. c. c. c. c. c. c. c. c.,c c. c. c. c. c. c. c. c. c. c. c. c. c. c. c,. c. c. c. c. c. c. c. c. c. c. c. c. c c. c.,. c. c. c. c. c. c. c. c. c. c. c c. c. c. c.
I of I of I of I of I of I of I of I of I of I of I of I of I of I of I of,"., I of I of I of I of I of I of I of I of I of I of I of I of I of I of I",I of I of I of I I of I of I of I of I of I of I of I of I of I of I of I,I of I of I of I of I of I of I of I of I of I of I of I of I of I of I I,I of I of I of I of I of I of I of I of I of I of I of I of I of I I of I
financial as chief executive officer as chief executive officer as chief executive officer as chief executive officer as chief executive officer as chief executive officer as chief executive officer as,Re Re Re Re Re Re Re Re Re Re Re Re Re Re Re Re Re Re Re Re Re Re Re Re Re Re Re Re Re Re,financial as chief executive officer as chief financial officer as chief financial officer as chief financial officer as chief financial officer as chief financial officer as chief financial officer as,financial as chief executive officer as chief executive officer as chief financial officer as chief financial officer as chief financial officer as chief financial officer as chief financial officer as,stock as chief executive officer as chief executive officer as chief executive officer as chief executive officer as chief executive officer as chief executive officer as chief executive officer as
It It It It It It It It It It It It It It It It It It It It It It It It It It It It It It,je je je je je je je je je je je je je je je je je je je je je je je je je je je je je je,ahon a Itm a Itm a Itm a Itm a Itm a Itm a Itm a Itm a Itm a It,m Itm Itm Itm Itm Itm Itm Itm Itm Itm Itm Itm Itm Itm Itm It,It It It It It It It It It It It The It It It It It It It It It It It It It It It It It It
Me for the Me. for the Me. for the Me. for the Me. for the Me. for the Me. for the Me. for,sec. for the sec. for the sec. for the sec. for the sec. for the sec. for the sec. for the sec.,Me for the Me for the Me for the Me for the Me for the Me for the Me for the Me for the Me for the Me for the,Me for the Me. Me. Me. Me. Me. Me. Me. Me. Me. Me. Me. Me. Me. Me,Me for the Me. for the Me. for the Me. for the Me. for the Me. for the Me. for the Me. the
. a. t. t. t. t. t. t. t. t. t. t. t. t. t. t,. a. t. a. t. a. t. a. t. a. t. a. t. a. t. a,wall of the wall of the wall of the wall of the wall of the wall of the wall of the wall of the wall of the wall of the,. a. t. t. a. t. a. t. a. t. a. t. a. t. a. t,. a. t. t. t. t. a. t. t. t. t. t. t. t. t. t
m to the m to the m to the m to the m to the m to the m to the m to the m to the m to the,were the officials to the officials to the officials to the officials to the officials to the officials to the officials to the officials to the officials to the officials,m m to the m to the m to the m to the m to the m to the m to the m to the m to the m to,r to the ron to the ron to the ron to the ron to the ron to the ron to the ron to,m to the m to the m to the m to the m to m to the m to the m to the m to the m to the m
subsidiary subsidiary of its subsidiary of its subsidiary of its subsidiary of its subsidiary of its subsidiary of its subsidiary of its subsidiary of its subsidiary of its,officer of its own officer of its own officer of its own officer of its own officer of its own officer of its own officer of its own officer,subsidiary subsidiary of its own subsidiary of its own subsidiary of its own subsidiary of its own subsidiary of its own subsidiary of its own subsidiary of its,the chief executive officer of its chief executive officer of its chief executive officer of its chief executive officer of its chief executive officer of its chief executive officer of,subsidiary subsidiary of its subsidiary of its subsidiary subsidiary of its subsidiary of its subsidiary of its subsidiary of its subsidiary of its subsidiary of its subsidiary of
news to us and to us and to us and to us and to us and to us and to us and to us and to us and to us,more to us and to us and to us and to us and to us and to us and to us and to us and to us and to us,assuming to us and to us and to us and to us and to us and to us and to us and to us and to us and to us,bad to us and to us and to us and to us and to us and to us and to us and to us and to us and to us,more to us and more to us and more to us and more to us and more to us and more to us and more to us and more to
en o o o o o o o o o o o o o o o o o o o o o o o o o o o o o,en o oon oon oon oon oon oon oon oon oon oon oon oon oon oon,"imp, o o o o o o o o o o o o o o o o o o o o o o o o o o o o","imp, oon oon oon oon oon oon oon oon oon oon oon oon oon oon",m o r o m r o m r o m r o m r o m r o m r o m r o m r o m r
fast of the fast of the fast of the fast of the fast of the fast of the fast of the fast of the fast of the fast of the,fast of the fast of the fast of the fast of the fast of the fast of the fast of the fast of the fast of the fast of fast,fast of the fast of the fast of the fast of the fast of the fast of the fast of the fast of the fast of fast of the fast,fast of the fast of the fast of the fast of the fast of the fast of the fast of the fast of fast of the fast of the fast,fast of the fast of the fast of the fast of the fast of the fast of the fast of fast of the fast of the fast of the fast
a. a. u. u. u. u. u. u. u. u. u. u. u. u. u.,. a.w. a.w. a.w. a.w. a.w. a.w. a.w. a,. a. a. a. a. a. a. a. a. a. a. a. a. a. a. a,. a. and a. and a. and a. and a. and a. and a. and a. and a. and a.,wed a commission and a commission and a commission and a commission and a commission and a commission and a commission and a commission and a commission and a commission
. r. r. r. r. r. r. r. r. r. r. r. r. r. r. r,"h, h. h. h. h. h. h. h. h. h. h. h. h. h. h.",",. h. h. h. h. h. h. h. h. h. h. h. h. h. h.",. r. h. h. h. h. h. h. h. h. h. h. h. h. h. h,h r. h. h. h. h. h. h. h. h. h. h. h. h. h. h
the back of the back of the back of the back of the back of the back of the back of the back of the back of the back of,back of the back of the back of the back of the back of the back of the back of the back of the back of the back of the,from of the back of the back of the back of the back of the back of the back of the back of the back of the back of the,the back of the back of the back of the back of the back of the back of the back of the back of the back of back of the,the back of the back of the back of the back of the back of the back of the back of the back of back of the back of the
8 8 8 8 8 8 8 8 8 8 8 8 8 8 8 8 8 8 8 8 8 8 8 8 8 8 8 8 8 8,3 8 8 8 8 8 8 8 8 8 8 8 8 8 8 8 8 8 8 8 8 8 8 8 8 8 8 8 8 8,would fasten fasten fasten fasten fasten fasten fasten fasten fasten fasten fasten fasten fasten fasten fast,een een een een een een een een een een een een een een een e,8 8 8 8 8 8 8 8 8 8 8 8 8 8 8 8 8 8 8 8 8 8 8 8 8 8 8 8 8 e
", it is said that it is said that it is said that it is said that it is said that it is said that it is said that it",said is that it is said that it is said that it is said that it is said that it is said that it is said that it is said,it is said that it is said that it is said that it is said that it is said that it is said that it is said that it is,an it is said that it is said that it is said that it is said that it is said that it is said that it is said that it,k it is said that it is said that it is said that it is said that it is said that it is said that it is said that it
"k, o. o. o. o. o. o. o. o. o. o. o. o. o. o.",ce tes tes tes tes tes tes tes tes tes tes tes tes tes tes t,"k, o. t. t. t. t. t. t. t. t. t. t. t. t. t.",night the night the night the night the night the night the night the night the night the night the night the night the night the night the night the,",. t. o. t. o. t. o. t. o. t. o. t. o. t. o."
fast of a fast of a fast of a fast of a fast of a fast of a fast of a fast of a fast of a fast of a,fast of a fast of a fast of a fast of a fast of a fast of a fast of a fast of a fast of a fast of the,fast of a fast of a fast of a fast of a fast of a fast of a fast of a fast of a fast of a fast of fast,fast of a fast of a fast of a fast of a fast of a fast of a fast of a fast of a fast of fast of a fast,fast of a fast of a fast of a fast of a fast of a fast of a fast of a fast of fast of a fast of a fast
value in the value that the value that the value that the value that the value that the value that the value that the value that the value that the,value in the value in the value in the value in the value in the value in the value in the value in the value in the value in the,value the value in the value in the value in the value in the value in the value in the value in the value in the value in the value,2 in the 2 in the 2 in the 2 in the 2 in the 2 in the 2 in the 2 in the 2 in the 2 in the,value in the value that the value that the value that the value that the value that the value that the value that the value that the value the value
j. m. m. m. m. m. m. m. m. m. m. m. m. m. m.,m. m. m. m. m. m. m. m. m. m. m. m. m. m. m.,j. m. j. m. m. m. m. m. m. m. m. m. m. m. m.,j. m. j. m. j. m. m. m. m. m. m. m. m. m. m.,l. m. l. m. m. m. m. m. m. m. m. m. m. m. m.
bankers and bankers and bankers and bankers and bankers and bankers and bankers and bankers and bankers and bankers and bankers and bankers and bankers and bankers and bankers,get in and get in and get in and get in and get in and get in and get in and get in and get in and get in and,get and get in and get in and get in and get in and get in and get in and get in and get in and get in and get,faith and faith in faith and faith in faith in faith in faith in faith in faith in faith in faith in faith in faith in faith in faith in,faith and faith in faith and faith and faith and faith and faith and faith and faith and faith and faith and faith and faith and faith and faith and
u. s. s. s. s. s. s. s. s. s. s. s. s. s. s.,the power of the power of the power of the power of the power of the power of the power of the power of the power of the power of,ble the power of the power of the power of the power of the power of the power of the power of the power of the power of the power,yeah the power of the power of the power of the power of the power of the power of the power of the power of the power of the power,power of the power of the power of the power of the power of the power of the power of the power of the power of the power of the
anything at one time at one time at one time at one time at one time at one time at one time at one time at one time at one,time at one time at one time at one time at one time at one time at one time at one time at one time at one time at one,one at one time at one time at one time at one time at one time at one time at one time at one time at one time at one,at at one time at one time at one time at one time at one time at one time at one time at one time at one time at one,the at one time at one time at one time at one time at one time at one time at one time at one time at one time at one
get to get to get to get to get to get to get to get to get to get to get to get to get to get to get to,get get to get to get to get to get to get to get to get to get to get to get to get to get to get to get,the get to get to get to get to get to get to get to get to get to get to get to get to get to get to get,to get to get to get to get to get to get to get to get to get to get to get to get to get to get to get,exec get to get to get to get to get to get to get to get to get to get to get to get to get to get to get
left to the left to the left to the left to the left to the left to the left to the left to the left to the left to the,.. to the left to the left to the left to the left to the left to the left to the left to the left to the left to,the left to the left to the left to the left to the left to the left to the left to the left to the left to the left to,there to the left to the left to the left to the left to the left to the left to the left to the left to the left to the,to the left to the left to the left to the left to the left to the left to the left to the left to the left to the left
. r. r. r. r. r. r. r. r. r. r. r. r. r. r. r,anth. r. r. r. r. r. r. r. r. r. r. r. r. r. r.,reports and reports and reports and reports and reports and reports and reports and reports and reports and reports and reports and reports and reports and reports and reports and,but and it and it and it and it and it and it and it and it and it and it and it and it and it and it and,. and r. r. r. r. r. r. r. r. r. r. r. r. r. r.
02 to 9 / 8 / 9 / 9 / 9 / 9 / 9 / 9 / 9 / 9 / 9 / 9 / 9 / 9 /,6 to 1 in. 6 to 1 in. 6 to 1 in. 6 in. 6 to 1 in. 6 in. 6 to 1 in,8 to 1 in. 6 to 1 in. 6 to 1 in. 6 in. 6 to 1 in. 6 in. 6 to 1 in,6 to 1 in. 6 to 1 in. 6 to 1 in. 6 to 1 in. 6 in. 6 to 1 in. 6 in,8 to 1 in. 6 to 1 in. 6 to 1 in. 6 to 1 in. 6 in. 6 to 1 in. 6 in
4 4 4 4 4 4 4 4 4 4 4 4 4 4 4 4 4 4 4 4 4 4 4 4 4 4 4 4 4 4,ad an an an an an an an an an an an an an an an an an an an an an an an an an an an an an,Among an ad to an ad to an ad to an ad to an ad to an ad to an ad to an ad to an ad to an ad,ad an ad to an ad to an ad to an ad to an ad to an ad to an ad to an ad to an ad to an ad,an an ad to an ad to an ad to an ad to an ad to an ad to an ad to an ad to an ad to an ad
small the air and the air and the air and the air and the air and the air and the air and the air and the air and the air,the air and the air and the air and the air and the air and the air and the air and the air and the air and the air and,the to the air and to the air and to the air and to the air and to the air and to the air and to the air and to,among the air and the air and the air and the air and the air and the air and the air and the air and the air and the air,and to the air and to the air and to the air and to the air and to the air and to the air and to the air and to
1 1 1 1 1 1 1 1 1 1 1 1 1 1 1 1 1 1 1 1 1 1 1 1 1 1 1 1 1 1,I I I I I I I I I I I I I I I I I I I I I I I I I I I I I I,1 1 1 1 1 1 1 1 1 1 1 1 1 1 1 1 1 1 1 1 1 1 1 1 1 1 1 1 1 ,I I I I I I I I I I I I I I I I I I I I I I I I I I I I I ,34 1 1 1 1 1 1 1 1 1 1 1 1 1 1 1 1 1 1 1 1 1 1 1 1 1 1 1 1 1
"innacle, I of I of I of I of I of I of I of I of I of I of I of I of I of I of","innacle, I of I of I of I of I of I of I of I of I of I of I of I of I of I,","4, 4, 4, 4, 4, 4, 4, 4, 4, 4, 4, 4, 4, 4, 4,","4, 4, 4, 4, 4,, 4, 4, 4, 4, 4, 4, 4, 4, 4, 4","4, 4, 4, 4,, 4, 4, 4, 4, 4, 4, 4, 4, 4, 4, 4"
said but it is said it is said it is said it is said it is said it is said it is said it is said it is said it,but but it is said it is said it is said it is said it is said it is said it is said it is said it is said it,", but it is said it is said it is said it is said it is said it is said it is said it is said it is said it",she it is said she is said she is said she is said she is said she is said she is said she is said she is said she is,. but it is said it is said it is said it is said it is said it is said it is said it is said it is said it
books and books and books and books and books and books and books and books and books and books and books and books and books and books and books and,rights rights and rights and rights and rights and rights and rights and rights and rights and rights and rights and rights and rights and rights and rights and rights,music and music. and music. and music. and music. and music. and music. and music. and music. and music. and music,rights and rights and rights and rights and rights and rights and rights and rights and rights and rights and rights and rights and rights and rights and rights and,books and books on books and books on books and books on books and books on books and books on books and books on books and books on books and
", and the directors and the directors and the directors and the directors and the directors and the directors and the directors and the directors and the directors and the",directors and directors and directors and directors and directors and directors and directors and directors and directors and directors and directors and directors and directors and directors and directors,and and the directors and the directors and the directors and the directors and the directors and the directors and the directors and the directors and the directors and the,", and the directors and the directors and the directors and the directors and the directors and the directors and directors and the directors and the directors and the directors",", and the directors and the directors and the directors and the directors and the directors and directors and the directors and the directors and the directors and the directors"
u. s. s. s. s. s. s. s. s. s. s. s. s. s. s.,news in the news in the news in the news in the news in the news in the news in the news in the news in the news in the,the news in the news in the news in the news in the news in the news in the news in the news in the news in the news in,u. s. s. s. s. s. s. s. s. s. s. s. s. s. s s,u. s. s. s. s. s. s. s. s. s. s. s. s. s s. s
the in the action in the action in the action in the action in the action in the action in the action in the action in the action in the,on in the action in the action in the action in the action in the action in the action in the action in the action in the action in the,in in the action in the action in the action in the action in the action in the action in the action in the action in the action in the,an in the action in the action in the action in the action in the action in the action in the action in the action in the action in the,the in the action to the action to the action to the action to the action to the action to the action to the action to the action to the
.. I. I. I. I. I. I. I. I. I. I. I. I. I. I.,I I. I. I. I. I. I. I. I. I. I. I. I. I. I. I,"h, h. h. h. h. h. h. h. h. h. h. h. h. h. h.",",. h. h. h. h. h. h. h. h. h. h. h. h. h. h.",. I. I. I. I. I. I. I. I. I. I. I. I. I. I. I
1 1 1 1 1 1 1 1 1 1 1 1 1 1 1 1 1 1 1 1 1 1 1 1 1 1 1 1 1 1,1 1 1 1 1 1 1 1 1 1 1 1 1 1 1 1 1 1 1 1 1 1 1 1 1 1 1 1 1.,1 1 1 1 1 1 1 1 1 1 1 1 1 1 1 1 1 1 1 1 1 1 1 1 1 1 1 1 1 the,Computer in the Computer in the Computer in the Computer in the Computer in the Computer in the Computer in the Computer in the Computer in the Computer in the,1 1 1 1 1 1 1 1 1 1 1 1 1 1 1 1 1 1 1 1 1 1 1 1 1 1 1 1 1 in
1 1 1 1 1 1 1 1 1 1 1 1 1 1 1 1 1 1 1 1 1 1 1 1 1 1 1 1 1 1,5 1 1 1 1 1 1 1 1 1 1 1 1 1 1 1 1 1 1 1 1 1 1 1 1 1 1 1 1 1,34 & 1 & 1 & 1 & 1 & 1 & 1 & 1 & 1 & 1 & 1 & 1 & 1 & 1 & 1 &,1 & 1 & 1 & 1 & 1 & 1 & 1 & 1 & 1 & 1 & 1 & 1 & 1 & 1 & 1 &,5 & 1 & 1 & 1 & 1 & 1 & 1 & 1 & 1 & 1 & 1 & 1 & 1 & 1 & 1 &
back to back to back to back to back to back to back to back to back to back to back to back to back to back to back to,back back to back to back to back to back to back to back to back to back to back to back to back to back to back to back,approved to be approved to be approved to be approved to be approved to be approved to be approved to be approved to be approved to be approved to be,economic back to the economic back to the economic back to the economic back to the economic back to the economic back to the economic back to the economic back,back to back to back to back to back back to back to back to back to back to back to back to back to back to back to back
economy of economy of economy of economy of economy of economy of economy of economy of economy of economy of economy of economy of economy of economy of economy,year of year of year of year of year of year of year of year of year of year of year of year of year of year of year of,economy of year of year of year of year of year of year of year of year of year of year of year of year of year of year,representatives of representatives of representatives of representatives of representatives of representatives of representatives of representatives of representatives of representatives of representatives of representatives of representatives of representatives of representatives,economy of economy of economy of economy economy of economy of economy of economy of economy of economy of economy of economy of economy of economy of economy of
disappointing the results from the results from the results from the results from the results from the results from the results from the results from the results,east to the east to the east to the east to the east to the east to the east to the east to the east to the east to the,from to the east to the east to the east to the east to the east to the east to the east to the east to the east to the,small to the east to the east to the east to the east to the east to the east to the east to the east to the east to the,. from the east to the east to the east to the east to the east to the east to the east to the east to the east to the
industrial to industrial to industrial to industrial to industrial to industrial to industrial to industrial to industrial to industrial to industrial to industrial to industrial to industrial to industrial to,down is down to down to down to down to down to down to down to down to down to down to down to down to down to down to,industrial to industrial to industrial industrial to industrial to industrial to industrial to industrial to industrial to industrial to industrial to industrial to industrial to industrial to industrial to industrial,industrial to industrial to industrial to industrial industrial to industrial to industrial to industrial to industrial to industrial to industrial to industrial to industrial to industrial to industrial to industrial,industrial to industrial to industrial to industrial to industrial industrial to industrial to industrial to industrial to industrial to industrial to industrial to industrial to industrial to industrial to industrial
t. t. t. t. t. t. t. t. t. t. t. t. t. t. t.,to. t. t. t. t. t. t. t. t. t. t. t. t. t. t.,t. t. t. t. t. t. t. t. t. t. t. t. t. t t. t,t. t. t. t. t. t. t. t. t. t. t t. t. t. t. t,t. t. t. t. t. t. t. t. t. t. t. t t. t. t. t
I I. I. I. I. I. I. I. I. I. I. I. I. I. I. I,16 I. I. I. I. I. I. I. I. I. I. I. I. I. I. I,. I. I. I. I. I. I. I. I. I. I. I. I. I. I. I,I. I. I. I. I. I. I. I. I. I. I. I. I. I. I.,now I. I. I. I. I. I. I. I. I. I. I. I. I. I. I
wow wow wow wow wow wow wow wow wow wow wow wow wow wow wow wow wow wow wow wow wow wow wow wow wow wow wow wow wow wow,1 per cent per cent per cent per cent per cent per cent per cent per cent per cent per cent per cent per cent per cent per cent per,cent per cent per cent per cent per cent per cent per cent per cent per cent per cent per cent per cent per cent per cent per cent per,cent per cent per per cent per cent per cent per cent per cent per cent per cent per cent per cent per cent per cent per cent per cent,1 per cent per per cent per cent per cent per cent per cent per cent per cent per cent per cent per cent per cent per cent per cent
"I, I. I. I. I. I. I. I. I. I. I. I. I. I. I.",worst in the worst in the worst in the worst in the worst in the worst in the worst in the worst in the worst in the worst in the,"I, I. I. I. I. I. I. I. I I. I. I. I. I. I. I",I in the I. I. I. I. I. I. I. I. I. I. I. I. I. I,"I, I. I. I. I. I. I. I I. I. I. I. I. I. I. I"
analysts and analysts and analysts and analysts and analysts and analysts and analysts and analysts and analysts and analysts and analysts and analysts and analysts and analysts and analysts,analysts and analysts and analysts and and analysts and analysts and analysts and analysts and analysts and analysts and analysts and analysts and analysts and analysts and analysts and,accounting and accounting and accounting and accounting and accounting and accounting and accounting and accounting and accounting and accounting and accounting and accounting and accounting and accounting and accounting,analysts and analysts and analysts and analysts and analysts and analysts and analysts and analysts and analysts and analysts and analysts analysts and analysts and analysts and analysts and,analysts and analysts and analysts and analysts and analysts and analysts and analysts and analysts and analysts and analysts analysts and analysts and analysts and analysts and analysts and
2 2 2 2 2 2 2 2 2 2 2 2 2 2 2 2 2 2 2 2 2 2 2 2 2 2 2 2 2 2,2 2 2 2 2 2 2 2 2 2 2 2 2 2 2 2 2 2 2 2 2 2 2 2 2 2 2 2 2 ,m 2m 2m 2m 2m 2m 2m 2m 2m 2m 2m 2m 2m 2m 2m 2,cent per cent per cent per cent per cent per cent per cent per cent per cent per cent per cent per cent per cent per cent per cent per,2 per cent per cent per cent per cent per cent per cent per cent per cent per cent per cent per cent per cent per cent per cent per
I I. I. I. I. I. I. I. I. I. I. I. I. I. I. I,. I. I. I. I. I. I. I. I. I. I. I. I. I. I. I,I I. I. I. I. I. I. I. I I. I. I. I. I. I. I.,I I. I. I. I. I. I. I I. I. I. I. I. I. I. I.,I I. I. I. I. I. I. I. I. I I. I. I. I. I. I.
I I and I and I and I and I and I and I and I and I and I and I and I and I and I and I,I and I and I and I and I and I and I and I and I and I and I and I and I and I and I and,and I and I and I and I and I and I and I and I and I and I and I and I and I and I and I,stocks I and I and I and I and I and I and I and I and I and I and I and I and I and I and I,with I and I and I and I and I and I and I and I and I and I and I and I and I and I and I
50 50 $ 50 $ 50 $ 50 $ 50 $ 50 $ 50 $ 50 $ 50 $ 50 $ 50 $ 50 $ 50 $ 50 $ 50,50 50 $ 50 $ 50 50 $ 50 $ 50 $ 50 $ 50 $ 50 $ 50 $ 50 $ 50 $ 50 $ 50 $ 50 $,50 50 $ 50 $ 50 50 $ 50 50 $ 50 $ 50 $ 50 $ 50 $ 50 $ 50 $ 50 $ 50 $ 50 $ 50,50 50 $ 20 $ 50 $ 50 $ 50 $ 50 $ 50 $ 50 $ 50 $ 50 $ 50 $ 50 $ 50 $ 50 $ 50,50 50 $ 50 $ 50 50 $ 50 $ 50 50 $ 50 $ 50 $ 50 $ 50 $ 50 $ 50 $ 50 $ 50 $ 50
the day of the day of the day of the day of the day of the day of the day of the day of the day of the day of,"$, $ 1, $ 1, $ 1, $ 1, $ 1, $ 1, $ 1, $ 1, $ 1, $","95 of the $ 1 to $ 1, $ 1 to $ 1, $ 1 to $ 1, $ 1 to $ 1, $ 1 to","$, $ 1, $ 1, $ 1, $ 1, $ 1, $ 1, $ 1, $ 1, $ 1 $ 1",19 per cent of the $ 1 to $ 1 per cent of the $ 1 to $ 1 per cent of the $ 1 to $ 1 per cent
profits from the profits from the profits from the profits from the profits from the profits from the profits from the profits from the profits from the profits from the,cloud from the cloud to the cloud to the cloud to the cloud to the cloud to the cloud to the cloud to the cloud to the cloud to the,cast from the cast to the cast to the cast to the cast to the cast to the cast to the cast to the cast to the cast to the,profits from the profits from the profits from the profits from the profits from the profits from the profits from the profits from the profits from the profits from profits,profits from the profits from the profits from the profits from the profits from the profits from the profits from the profits from the profits from profits from the profits
93 c. c. c. c. c. c. c. c. c. c. c. c. c. c. c,44 c. c. c. c. c. c. c. c. c. c. c. c. c. c. c,"c, c. c. c. c. c. c. c. c. c. c. c. c. c. c.",families with families with families with families with families with families with families with families with families with families with families with families with families with families with families,93 c. c. c. c. c. c. c. c. c. c. c. c. c c. c.
0 0 0 0 0 0 0 0 0 0 0 0 0 0 0 0 0 0 0 0 0 0 0 0 0 0 0 0 0 0,300 0 0 0 0 0 0 0 0 0 0 0 0 0 0 0 0 0 0 0 0 0 0 0 0 0 0 0 0 0,p 0 0 0 0 0 0 0 0 0 0 0 0 0 0 0 0 0 0 0 0 0 0 0 0 0 0 0 0 0,amp 0 0 0 0 0 0 0 0 0 0 0 0 0 0 0 0 0 0 0 0 0 0 0 0 0 0 0 0 0,pp 0 0 0 0 0 0 0 0 0 0 0 0 0 0 0 0 0 0 0 0 0 0 0 0 0 0 0 0
I I I I I I I I I I I I I I I I I I I I I I I I I I I I I I,I I I I I I I I I I I I I I I I I I I I I I I I I I I I I and,I I I I I I I I I I I I I I I I I I I I I I I I I I I I I with,I I and I and I and I and I and I and I and I and I and I and I and I and I and I and I,I and I and I and I and I and I and I and I and I and I and I and I and I and I and I and
name and a name and a name and a name and a name and a name and a name and a name and a name and a name and a,its a name and a name and a name and a name and a name and a name and a name and a name and a name and a name,. a. m. and a. m. and a. m. and a. m. and a. m. and a. m.,name and a name and a name and a name and a name and a name and a name and a name and a name and a name and name,name and a name and a name and a name and a name and a name and a name and a name and a name and name and a name
especially for him as well as for him as well as for him as well as for him as well as for him as well as for him as well,have with him as well as with him as well as with him as well as with him as well as with him as well as with him as well,about for him as well as for him as well as for him as well as for him as well as for him as well as for him as well,since for him as well as for him as well as for him as well as for him as well as for him as well as for him as well,last for him as well as for him as well as for him as well as for him as well as for him as well as for him as well
said and said and said and said and said and said and said and said and said and said and said and said and said and said and said and,discussions and discussions and discussions and discussions and discussions and discussions and discussions and discussions and discussions and discussions and discussions and discussions and discussions and discussions and discussions,ne tes tes tes tes tes tes tes tes tes tes tes tes tes tes t,"t, tes tes tes tes tes tes tes tes tes tes tes tes tes tes","j, tes tes tes tes tes tes tes tes tes tes tes tes tes tes"
in 16 in 16 in 16 in 16 in 16 in 16 in 16 in 16 in 16 in 16 in 16 in 16 in 16 in 16 in 16,to 16 in 16 in 16 in 16 in 16 in 16 in 16 in 16 in 16 in 16 in 16 in 16 in 16 in 16 in 16,percent in 16 percent in 16 percent in 16 percent in 16 percent in 16 percent in 16 percent in 16 percent in 16 percent in 16 percent in 16,more 16 in 16 in 16 in 16 in 16 in 16 in 16 in 16 in 16 in 16 in 16 in 16 in 16 in 16 in 16,in 16 in 16 in in 16 in 16 in 16 in 16 in 16 in 16 in 16 in 16 in 16 in 16 in 16 in 16 in
- and - and - and - and - and - and - and - and - and - and - and - and - and - and - and,- and - and - and - and - and - and - and - and - - and - and - and - and - and - and -,- and - and - and - and - and - and - and - - and - and - and - and - and - and - and -,- and - and - and - and - and - and - and and - and - and - and - and - and - and - and -,- and - and - and - and - and - and - and - and - and - - and - and - and - and - and -
W of the W of the W of the W of the W of the W of the W of the W of the W of the W of the,W of the W of the W of the W of the W of the W of the W of the W of W of the W of the W,W of the W of the W of the W of the W of the W of the W of the W of the W of the W of W,W of the W of the W of the W of the W of the W of the W of the W of the W of W of the W,W of the W of the W of the W of the W of the W of the W of W of the W of the W of the W
Sec of Sec of Sec of Sec of Sec of Sec of Sec of Sec of Sec of Sec of Sec of Sec of Sec of Sec of Sec of,Sec of Sec of Sec of Sec of Sec of Sec of Sec of Sec of Sec of Sec of Sec of Sec of Sec of Sec of Sec Sec,Sec of Sec of Sec of Sec of Sec of Sec of Sec of Sec of Sec of Sec of Sec of Sec of Sec of Sec Sec of Sec,Sec of Sec of Sec of Sec of Sec of Sec of Sec of Sec of Sec of Sec of Sec of Sec of Sec Sec of Sec of Sec,Sec of Sec of Sec of Sec of Sec of Sec of Sec of Sec of Sec of Sec of Sec of Sec Sec of Sec of Sec of Sec
up it up a wall up a wall up a wall up a wall up a wall up a wall up a wall up a wall up a wall up,the it up a wall up a wall up a wall up a wall up a wall up a wall up a wall up a wall up a wall up,up it up a wall up a wall up a wall up a wall up a wall up a wall up up a wall up a wall up a wall,the it up a wall up a wall up a wall up a wall up a wall up a wall up up a wall up a wall up a wall,up it up a wall up a wall up a wall up a wall up a wall up a wall up a wall up up a wall up a wall
saw which led to a paper which led to a paper which led to a paper which led to a paper which led to a paper which led to a,paper to a paper which was a paper which was a paper which was a paper which was a paper which was a paper which was a paper which was,40 a week to 40 a week to 40 a week to 40 a week to 40 a week to 40 a week to 40 a week to 40 a,led which led to a paper which led to a paper which led to a paper which led to a paper which led to a paper which led to a,"paper, which was a paper which was a paper which was a paper which was a paper which was a paper which was a paper which was a paper"
issues has also been limited but has also been limited but has also been limited but has also been limited but has also been limited but has also been limited,issues has also been limited but has also been limited but has also been limited but has been limited but has also been limited but has also been limited but,issues has also been limited but has also been limited but has also been limited but has also been limited but has been limited but has also been limited but,issues has also been limited but has also been limited but has also been limited but has also been limited but has also been limited but has been limited but,issues has also been limited but has also been limited but has also also been limited but has also been limited but has also been limited but has also been
with that with that with that with that with that with that with that with that with that with that with that with that with that with that with that,planet with that planet that planet that planet that planet that planet that planet that planet that planet that planet that planet that planet that planet that planet that planet,with that with that with that that with that with that with that with that with that with that with that with that with that with that with that with,with that with that that with that with that with that with that with that with that with that with that with that with that with that with that with,with that with that with that with that with that with that with that with that with that with that that with that with that with that with that with
