The will. The will. The will. The will. The will. The will. The will. The will. The will. The will.,events in the year. The events in the year in the year in the year in the year in the year in the year in the year in the,official for the year. The official for the year in the official for the year in the official for the year in the official for the year in the,official for the year. The official for the year. The official for the year. The official for the year. The official for the year. The,official for the year. The official for the year in the year in the year in the year in the year in the year in the year in the
for it for it for it for it for it for it for it for it for it for it for it for it for it for it for it,for for it for it for it for it for it for it for it for it for it for it for it for it for it for it for,education for students for education for students for education for students for education for students for education for students for education for students for education for students for education for,for it. for it. for it. for it. for it. for it. for it. for it. for it. for it.,for it for it for it for it for it for it for for it for it for it for it for it for it for it for it for
player in a game in a game in a game in a game in a game in a game in a game in a game in a game in a,player in a game at a game at a game at a game at a game at a game at a game at a game at a game at a,a in a game in a game in a game in a game in a game in a game in a game in a game in a game in a,at in a game in a game in a game in a game in a game in a game in a game in a game in a game in a,ucky in a game in a game in a game in a game in a game in a game in a game in a game in a game in a
"the "" "" "" "" "" "" "" "" "" "" "" "" "" "" "" "" "" "" "" "" "" "" "" "" "" "" "" "" ""","'s "" "" "" "" "" "" "" "" "" "" "" "" "" "" "" "" "" "" "" "" "" "" "" "" "" "" "" "" ""","""'s "" "" "" "" "" "" "" "" "" "" "" "" "" "" "" "" "" "" "" "" "" "" "" "" "" "" ""","'s "" "" "" "" "" "" "" "" "" "" a "" "" "" "" "" "" "" "" "" "" "" "" "" "" "" "" "" ""","'s "" "" "" "" "" "" "" "" "" a "" "" "" "" "" "" "" "" "" "" "" "" "" "" "" "" "" "" """
Th eo eo eo eo eo eo eo eo eo eo eo eo eo eo e,ol eo eo eo eo eo eo eo eo eo eo eo eo eo eo e,say eo eo eo eo eo eo eo eo eo eo eo eo eo eo e,H eo eo eo eo eo eo eo eo eo eo eo eo eo eo e,ef eo eo eo eo eo eo eo eo eo eo eo eo eo eo e
Sp. Sp. Sp. Sp. Sp. Sp. Sp. Sp. Sp. Sp. Sp. Sp. Sp. Sp. Sp.,Sp. Sp. Sp. Sp. Sp. Sp. Sp. Sp. Sp. Sp. Sp. Sp. Sp. Sp. Sp ,Strong. Strong. Strong. Strong. Strong. Strong. Strong. Strong. Strong. Strong. Strong. Strong. Strong. Strong. Strong.,Strong. Strong. Strong. Strong. Strong. Strong. Strong. Strong. Strong. Strong. Strong. Strong. Strong. Strong. Strong ,Il. Both Il. Il. Il. Il. Il. Il. Il. Il. Il. Il. Il. Il. Il. Il
.. He earned a Tony for a Tony for a Tony for a Tony for a Tony for a Tony for a Tony for a Tony for a Tony,",. He earned a Tony for a Tony for a Tony for a Tony for a Tony for a Tony for a Tony for a Tony for a Tony",.. He later earned a Tony for a Tony for a Tony for a Tony for a Tony for a Tony for a Tony for a Tony for a,$. He later earned a Tony for a Tony for a Tony for a Tony for a Tony for a Tony for a Tony for a Tony for a,Ben. He later earned a Tony for a Tony for a Tony for a Tony for a Tony for a Tony for a Tony for a Tony for a
stand. It's on and on and on and on and on and on and on and on and on and on and on and on and on,'s. It's on and on and on and on and on and on and on and on and on and on and on and on and on,Tweet. It's on and on and on and on and on and on and on and on and on and on and on and on and on,Tweet. It's on and on and on and on and on. It's on and on and on and on and on and on and,Tweet. It's on and on and on and on. It's on and on and on and on and on and on and on and
all all in all in all in all in all in all in all in all in all in all in all in all in all in all in all,A 1. A 1. A 1. A 1. A 1. A 1. A 1. A 1. A 1. A 1.,all all in all in all in all in all in all all in all in all in all in all in all in all in all in all in,all all in all in all in all in all in all in all all in all in all in all in all in all in all in all in,all all in all in all in all in all all in all in all in all in all in all in all in all in all in all in
so's death but not his death. He's not his death but his death. He's not his death but his death. He,'s not. He's not. He's not. He's not. He's not. He's not. He ',of's death. He's not in his death. He's not in his death. He's not in his death. He,in's death. He's not in his death. He's not in his death. He's not in his death. He,of I's death. He's not in his death. He's not in his death. He's not in his death.
team the team of the team of the team of the team of the team of the team of the team of the team of the team of the team,team of the team of the team of the team of the team of the team of the team of the team of the team of the team of the,video of a video of a video of a video of a video of a video of a video of a video of a video of a video of a,team the team of the team of the team the team of the team of the team of the team of the team of the team of the team of,University of the University of the University of the University of the University of the University of the University of the University of the University of the University of the
to 2 to the 2 to the 2 to the 2 to the 2 to the 2 to the 2 to the 2 to the 2 to the 2 to,6 to 2 in. 6 to 2 in. 6 to 2 in. 6 in. 6 to 2 in. 6 in. 6 to 2 in,6 to 2 in. 6 to 2 in. 6 to 2 in. 6 to 2 in. 6 in. 6 to 2 in. 6 in,to 2 to the 2 to the 6 to the 6 to the 6 to the 6 to the 6 to the 6 to the 6 to the 6 to,6 to 2 in. 6 to 2 in. 6 to 2 in. 6 to 2 in. 6 to 2 in. 6 to 2 in.
"the "" "" "" "" "" "" "" "" "" "" "" "" "" "" "" "" "" "" "" "" "" "" "" "" "" "" "" "" ""","the "" "" "" "" "" "" "" and "" "" "" "" "" "" "" "" "" "" "" "" "" "" "" "" "" "" "" "" ""","the "" "" "" "" and "" "" "" and "" "" "" "" "" "" "" "" "" "" "" "" "" "" "" "" "" "" "" ""","the "" "" "" "" "" "" "" "" "" "" "" "" "" "" "" "" "" a "" "" "" "" "" "" "" "" "" "" ""","the "" "" "" "" "" "" "" "" "" "" "" "" "" "" "" "" "" "" "" "" "" "" "" "" "" "" "" "" a"
Ga. Ga. Ga. Ga. Ga. Ga. Ga. Ga. Ga. Ga. Ga. Ga. Ga. Ga. Ga.,Ga. Ga. Ga. Ga. Ga Ga. Ga. Ga. Ga. Ga. Ga. Ga. Ga. Ga. Ga. Ga,Ga. Ga. Ga. Ga. Ga. Ga. Ga. Ga Ga. Ga. Ga. Ga. Ga. Ga. Ga. Ga,Ga. Ga. Ga. Ga. Ga. Ga. Ga. Ga. Ga Ga. Ga. Ga. Ga. Ga. Ga. Ga,Ga. Ga. Ga. Ga. Ga. Ga. Ga. Ga. Ga. Ga Ga. Ga. Ga. Ga. Ga. Ga
. r. r. r. r. r. r. r. r. r. r. r. r. r. r. r,rian r. r. r. r. r. r. r. r. r. r. r. r. r. r. r,Commissioner. Commissioner. Commissioner. Commissioner. Commissioner. Commissioner. Commissioner. Commissioner. Commissioner. Commissioner. Commissioner. Commissioner. Commissioner. Commissioner. Commissioner,hima. r. r. r. r. r. r. r. r. r. r. r. r. r. r,Roger r. Roger Roger Roger Roger Roger Roger Roger Roger Roger Roger Roger Roger Roger Roger Roger Roger Roger Roger Roger Roger Roger Roger Roger Roger Roger Roger Roger
Kings Kings of Kings of Kings of Kings of Kings of Kings of Kings of Kings of Kings of Kings of Kings of Kings of Kings of Kings of Kings,Kings of Kings of Kings of Kings of Kings of Kings of Kings of Kings of Kings of Kings of Kings of Kings of Kings of Kings of Kings of,in of Kings of Kings of Kings of Kings of Kings of Kings of Kings of Kings of Kings of Kings of Kings of Kings of Kings of Kings of,the Kings of Kings of Kings of Kings of Kings of Kings of Kings of Kings of Kings of Kings of Kings of Kings of Kings of Kings of Kings,the of Kings of Kings of Kings of Kings of Kings of Kings of Kings of Kings of Kings of Kings of Kings of Kings of Kings of Kings of
. c. c. c. c. c. c. c. c. c. c. c. c. c. c. c,I c. c. c. c. c. c. c. c. c. c. c. c. c. c. c,br c. c. c. c. c. c. c. c. c. c. c. c. c. c. c,m c. c. c. c. c. c. c. c. c. c. c. c. c. c. c,chen c. c. c. c. c. c. c. c. c. c. c. c. c. c. c
the ist ist ist ist ist ist ist ist ist ist ist ist ist ist is,the ist ist ist ist ist ist ist ist ist ist is ist ist ist ist,the ist ist ist ist ist ist ist ist ist ist ist is ist ist ist,the ist ist ist ist ist ist ist ist ist ist ist ist ist ist the,the ist ist ist ist ist ist ist ist ist is ist ist ist ist ist
Coach ( National Coach ( National Coach ( National Coach ( National Coach ( National Coach ( National Coach ( National Coach ( National Coach ( National Coach ( National,. a. ( a. ( a. ( a. ( a. ( a. ( a. ( a. ( a. ( a.,Safety ( Air Safety ( Air Safety ( Air Safety ( Air Safety ( Air Safety ( Air Safety ( Air Safety ( Air Safety ( Air Safety ( Air,National ( National Board ( National Board ( National Board ( National Board ( National Board ( National Board ( National Board ( National Board ( National Board ( National,Safety ( Air Safety ( Safety ( Air Safety ( Air Safety ( Air Safety ( Air Safety ( Air Safety ( Air Safety ( Air Safety ( Air Safety
degree in the first degree in the first degree in the first degree in the first degree in the first degree in the first degree in the first degree in,charged in the first case in the first case in the first case in the first case in the first case in the first case in the first case in,", in the first case in the first case in the first case in the first case in the first case in the first case in the first case in",. in the first degree in the first degree in the first degree in the first degree in the first degree in the first degree in the first degree in,", in the first case in the case in the case in the case in the case in the case in the case in the case in the case in"
China. China. China. China. China. China. China. China. China. China. China. China. China. China. China.,Rosin. Rosin. Rosin. Rosin. Rosin. Rosin. Rosin. Rosin. Rosin. Rosin.,pole on Phedin on Phedin on Phedin on Phedin on Phedin on Phedin on Phedin on,in. Phedin. Phedin. Phedin. Phedin. Phedin. Phedin. Phedin.,China. China. China. China. China China. China. China. China. China. China. China. China. China. China. China
balls and balls and balls and balls and balls and balls and balls and balls and balls and balls and balls and balls and balls and balls and balls and,England for England and England for England and England for England and England for England and England for England and England for England and England for England and England for,corruption for corruption and corruption and corruption and corruption and corruption and corruption and corruption and corruption and corruption and corruption and corruption and corruption and corruption and corruption and,England for England and England for England and England for England for England and England for England and England for England and England for England and England for England and,England for England and England for England and England for England and England for England for England and England for England and England for England and England for England and
in aksin aksin aksin aksin aksin aksin aksin aksin aksin aks,Sch aks aks aks aks aks aks aks aks aks aks aks aks aks aks a,ste aksin aksin aksin aksin aksin aksin aksin aksin aksin aks,ams aksin aksin aksin aksin aksin aksin aksin aksin aksin aks,Sch aks aks aks aksks aks aks aks aks aks aks aks aks aks aks
right to the right to the right to the right to the right to the right to the right to the right to the right to the right to the,player and the player and the player and the player and the player and the player and the player and the player and the player and the player and the,I and I and I and I and I and I and I and I and I and I and I and I and I and I and I and,and for the right to the right to the right to the right to the right to the right to the right to the right to the right to the,the for the right to the right to the right to the right to the right to the right to the right to the right to the right to the
confirm or confirm or confirm or confirm or confirm or confirm or confirm or confirm or confirm or confirm or confirm or confirm or confirm or confirm or confirm,is was involved in or was involved in or was involved in or was involved in or was involved in or was involved in or was involved in or was,or in a crash in a crash in a crash in a crash in a crash in a crash in a crash in a crash in a crash in a,is was involved in or was involved in or was involved in or was involved in or was involved in or was involved in or was involved in or involved,is was involved in or was involved in or was involved in or was involved in or was involved in or involved in or was involved in or was involved
More about. More about. More about. More about. More about. More about. More about. More about. More about. More about.,More about. More about. More about. More about. More about. More about. More about about. More about. More about. More about,More about. More about. More about. More about. More about. More about. More about. More about about. More about. More about,More about. More about. More about. More about. More about. More about. More about. More about. More about about. More about,More about. More about. More about. More about. More about. More about. More about. More about. More about. More about about
tickets in between : in between : in between : in between : in between : in between : in between : in between : in between : in,tickets in between : in between : in between : in between : in between : in between : in between : in between : in between : ,tickets in between : in between : in between between : in between : in between : in between : in between : in between : in between :,tickets in between : in between : in between : in between : in between : in between : in between : in between : in between : to,tickets in between : in between : in between : in between : between : in between : in between : in between : in between : in between
Macha's in the set up in the set up in the set up in the set up in the set up in the set up in the,Macha's in the set up in the set up in the set up in the set up in the set up in the set set up in,Macha's in the set up in the set up in the set up in the set up in the set set up in the set up in,Macha's in the set up in the set up in the set up in the set set up in the set up in the set up in,Salvador's set up in the set up in the set up in the set up in the set up in the set up in the set
and and he and he and he and he and he and he and he and he and he and he and he and he and he and he and,. and he and he and he and he and he and he and he and he and he and he and he and he and he and he and,ieth and he and he and he and he and he and he and he and he and he and he and he and he and he and he and,and and he and he and he and he and he and he and he and he and he and he and he and he and he and it and,Masters and Masters and Masters and Masters and Masters and Masters and Masters and Masters and Masters and Masters and Masters and Masters and Masters and Masters and Masters
beat Grand Prix. Grand Prix Grand Prix Grand Prix Grand Prix Grand Prix Grand Prix Grand Prix Grand Prix Grand Prix Grand Prix Grand Prix Grand Prix Grand Prix,medal Grand Prix at Grand Prix Grand Prix at Grand Prix at Grand Prix at Grand Prix at Grand Prix at Grand Prix at Grand Prix at Grand Prix,medal Grand Prix at Grand Prix Grand Prix at Grand Prix Grand Prix at Grand Prix at Grand Prix at Grand Prix at Grand Prix at Grand Prix at,beat Grand Prix. Grand Prix Grand Prix Grand Prix. Grand Prix Grand Prix Grand Prix. Grand Prix Grand Prix Grand Prix. Grand Prix Grand Prix Grand,medal Grand Prix at Grand Prix Grand Prix at Grand Prix Grand Prix at Grand Prix Grand Prix at Grand Prix Grand Prix at Grand Prix Grand Prix at
Boston Boston Marathon the Boston Marathon the Boston Marathon the Boston Marathon the Boston Marathon the Boston Marathon the Boston Marathon the Boston Marathon the Boston Marathon the Boston Marathon,has has a kel kel kel kel kel kel kel kel kel kel kel kel kel ke,Boston Boston Marathon the Boston Marathon the Boston Marathon the Marathon the Marathon the Marathon the Marathon the Marathon the Marathon the Marathon the Marathon the Marathon the Marathon the,Boston Boston Marathon the Boston Marathon the Marathon the Marathon the Marathon the Marathon the Marathon the Marathon the Marathon the Marathon the Marathon the Marathon the Marathon the Marathon,Boston Boston Marathon the Boston Marathon the Boston Marathon the Boston Marathon the Marathon the Marathon the Marathon the Marathon the Marathon the Marathon the Marathon the Marathon the Marathon
Kim in his time in his time in his time in his time in his time in his time in his time in his time in his time in his,his time in his time in his time in his time in his time in his time in his time in his time in his time in his time in,Andy in his time in his time in his time in his time in his time in his time in his time in his time in his time in his,time in his time in his time in his time in his time in his time in his time in his time in his time in his time in his,has in his time in his time in his time in his time in his time in his time in his time in his time in his time in his
fight in a fight in a fight in a fight in a fight in a fight in a fight in a fight in a fight in a fight in a,fight to a fight to a fight to a fight to a fight to a fight to a fight to a fight to a fight to a fight to a,Got in a fight in a fight in a fight in a fight in a fight in a fight in a fight in a fight in a fight in a,chall in a fight in a fight in a fight in a fight in a fight in a fight in a fight in a fight in a fight in a,: in a fight in a fight in a fight in a fight in a fight in a fight in a fight in a fight in a fight in a
game a game on a game on a game on a game on a game on a game on a game on a game on a game on a game,should a game on a game on a game on a game on a game on a game on a game on a game on a game on a game,game the game on a game on a game on a game on a game on a game on a game on a game on a game on a game,game a game on a game on a game on a game on a game on a game on a game on a game on a game on game on,game a game on a game on a game on a game on a game on a game on a game on a game on game on a game on
. I. I. I. I. I. I. I. I. I. I. I. I. I. I. I,I. I. I. I. I. I. I. I. I. I. I. I. I. I. I.,led I. I. I. I. I. I. I. I. I. I. I. I. I. I. I,Sin I. I. I. I. I. I. I. I. I. I. I. I. I. I. I,which I. I. I. I. I. I. I. I. I. I. I. I. I. I. I
4 4s 4s 4s 4s 4s 4s 4s 4s 4s 4s 4s 4s 4s 4s 4,7 4s 4s 4s 4s 4s 4s 4s 4s 4s 4s 4s 4s 4s 4s 4,5 4s 4s 4s 4s 4s 4s 4s 4s 4s 4s 4s 4s 4s 4s 4,0 4s 4s 4s 4s 4s 4s 4s 4s 4s 4s 4s 4s 4s 4s 4,7 4s 0s 0s 0s 0s 0s 0s 0s 0s 0s 0s 0s 0s 0s 0
Now. Now. Now. Now. Now. Now. Now. Now. Now. Now. Now. Now. Now. Now. Now.,two of two of two of two of two of two of two of two of two of two of two of two of two of two of two of,Now on. Now on. Now on. Now on. Now on. Now on. Now on. Now on. Now on. Now on.,game of two players on two players on two players on two players on two players on two players on two players on two players on two players on two,players to two players to two players to two players to two players to two players to two players to two players to two players to two players to two
repair and repair or repair or repair or repair or repair or repair or repair or repair or repair or repair or repair or repair or repair or repair or,repair or to repair or to repair or to repair or to repair or to repair or to repair or to repair or to repair or to repair or to,2011 and 2011 to 2011 to 2011 to 2011 to 2011 to 2011 to 2011 to 2011 to 2011 to 2011 to 2011 to 2011 to 2011 to 2011 to,heart and an open heart and an open heart and an open heart and an open heart and an open heart and an open heart and an open heart and,and to his heart and his heart and his heart and his heart and his heart and his heart and his heart and his heart and his heart and his
Bit. Bit. Bit. Bit. Bit. Bit. Bit. Bit. Bit. Bit. Bit. Bit. Bit. Bit. Bit.,Fit. Fit. Fit. Fit. Fit. Fit. Fit. Fit. Fit. Fit. Fit. Fit. Fit. Fit. Fit.,Bit. Bit by Bit. Bit by Bit. Bit by Bit. Bit by Bit. Bit by Bit. Bit by Bit. Bit by Bit.,Bit. Bit by Bit. Bit by Bit. Bit by Bit. Bit by Bit. Bit by Bit. Bit by Bit by Bit. Bit by,Bit. Bit by Bit. Bit by Bit. Bit by Bit. Bit by Bit. Bit by Bit. Bit by Bit. Bit by Bit by
1 1 1 1 1 1 1 1 1 1 1 1 1 1 1 1 1 1 1 1 1 1 1 1 1 1 1 1 1 1,1 1 1 1 1 1 1 1 1 1 1 1 1 1 1 1 1 1 1 1 1 1 1 1 1 1 1 1 1.,1 1 1 1 1 1 1 1 1 1 1 1 1 1 1 1 1 1 1 1 1 1 1 1 1 1 1 1 1 for,1 1 1 1 1 1 1 1 1 1 1 1 1 1 1 1 1 1 1 1 1 1 1 1 1 1 1 1 1 of,1 1 1 1 1 1 1 1 1 1 1 1 1 1 1 1 1 1 1 1 1 1 1 1 1 1 1 1 1 p
The to eat. The to eat. The to eat. The to eat. The to eat. The to eat. The to eat. The to,The toon. The toon. The toon. The toon. The toon. The toon. The toon. The to,The to eat. The to eat. The to eat. The to eat. The eat. The to eat. The to eat. The to eat,The to eat. The to eat. The to eat. The eat. The to eat. The to eat. The to eat. The to eat,The to eat. The to eat. The to eat. The to eat. The to eat. The eat. The to eat. The to eat
j.s. j.s. j.s. j.s. j.s. j.s. j.s. j.,j.s.s.s.s.s.s.s.s.s.s.s.s.s.s.,champion's world champion world champion world champion world champion world champion world champion world champion world champion world champion world champion world champion world champion world champion,dress's'''in'''in'in'in'in'in'in'in'in'in'in ',beating's'in'' in'in'in'in'in'in'in'in'in'in'in '
to 'l 'l 'l 'l 'l 'l 'l 'l 'l 'l 'l 'l 'l 'l ',to 'l 'l 'l 'l 'l 'l 'l 'l 'l 'l 'l 'l 'l 'l.,to 'l 'l 'l 'l 'l 'l 'l 'l 'l 'l 'l 'l 'l 'l to,atlantic or atlantic or atlantic tolantic tolantic tolantic tolantic tolantic tolantic tolantic,to 'l 'l 'l 'l 'l 'l 'l 'l 'l 'l 'l 'l 'l 'l at
brother the younger brother of the younger brother of the younger brother of the younger brother of the younger brother of the younger brother of the younger brother of the,brother the younger brother of the younger brother of the brother of the younger brother of the younger brother of the younger brother of the younger brother of the younger,brother the younger brother of the younger brother of the younger brother of the brother of the younger brother of the younger brother of the younger brother of the younger,brother the younger brother of the younger brother of the younger brother of the younger brother of the brother of the younger brother of the younger brother of the younger,brother the younger brother of the younger brother of the younger brother of the younger brother of the younger brother of the brother of the younger brother of the younger
"'s "" "" "" "" "" "" "" "" "" "" "" "" "" "" "" "" "" "" "" "" "" "" "" "" "" "" "" "" ""","""'s "" "" "" "" "" "" "" "" "" "" "" "" "" "" "" "" "" "" "" "" "" "" "" "" "" "" """,":'s "" "" "" "" "" "" "" "" "" "" "" "" "" "" "" "" "" "" "" "" "" "" "" "" "" "" ""","'s "" "" "" "" "" "" "" "" "" "" "" "" "" "" "" "" "" "" "" "" "" "" "" "" "" "" "" "" The",Ks and Ks and Ks and Ks and Ks and Ks and Ks and Ks and Ks and Ks and
England to England and England to England and England to England and England to England and England to England and England to England and England to England and England to,England to England and England to England to England to England to England to England to England to England to England to England to England to England to England to,England to England and England to England and England to England and England to England and England to England and England to England and England and England to England and,England to England and England to England and England to England and England to England and England to England and England and England to England and England to England and,England to England and England to England and England to England and England to England and England and England to England and England to England and England to England and
Second in a row in a row in a row in a row in a row in a row in a row in a row in a row in a,ockey in a row in a row in a row in a row in a row in a row in a row in a row in a row in a,Grand in a row in a row in a row in a row in a row in a row in a row in a row in a row in a,row in a row in a row in a row in a row in a row in a row in a row in a row in a row in a,shot in a row in a row in a row in a row in a row in a row in a row in a row in a row in a
world to a world to a world to a world to a world to a world to a world to a world to a world to a world to a,plant to a plant and to a plant and to a plant and to a plant and to a plant and to a plant and to a plant and to,world to a world and to a world and to a world and to a world and to a world and to a world and to a world and to,plant to a plant and plant and plant and plant and plant and plant and plant and plant and plant and plant and plant and plant and plant and plant,plant and a plant and plant and plant and plant and plant and plant and plant and plant and plant and plant and plant and plant and plant and plant
game in game in game in game in game in game in game in game in game in game in game in game in game in game in game in,und in game in game in game in game in game in game in game in game in game in game in game in game in game in game in,T oe T oe T oe T oe T oe T oe T oe T oe T oe T oe,au in game in game in game in game in game in game in game in game in game in game in game in game in game in game in,player in game in game in game in game in game in game in game in game in game in game in game in game in game in game in
starting women's for women's for women's for women's for women's for women's for women's for women,participants at London's London Marathon's London Marathon Marathon's London Marathon's London Marathon's London Marathon's London Marathon ',participants at London's London Marathon's London Marathon's London Marathon Marathon's London Marathon's London Marathon's London Marathon ','s women's to women's to women's to women's to women's to women's to women's to women,starting women's for women's for women's for women's for women's for women's women's for women '
investigation of an investigation of an investigation of an investigation of an investigation of an investigation of an investigation of an investigation of an investigation of an investigation of,three of three of three of three of three of three of three of three of three of three of three of three of three of three of three of,the of that is of that is of that is of that is of that is of that is of that is of that is of that is of that,investigation of an investigation of an investigation of an investigation of an investigation of an investigation of an investigation of an investigation of an investigation of an investigation that,investigation of an investigation of an investigation of an investigation of an investigation of an investigation of an investigation of an investigation of an investigation of investigation of an
Utah and Utah and Utah and Utah and Utah and Utah and Utah and Utah and Utah and Utah and Utah and Utah and Utah and Utah and Utah and,Arizona and Utah and Utah and Utah and Utah and Utah and Utah and Utah and Utah and Utah and Utah and Utah and Utah and Utah and Utah and,Utah and Utah and Utah and Utah and Utah and Utah and Utah and Utah and Utah and Utah and Utah and Utah and Utah and Utah and Utah with,Arizona and Utah and Utah and Utah and Arizona and Arizona and Arizona and Arizona and Arizona and Arizona and Arizona and Arizona and Arizona and Arizona and Arizona and,Utah and Utah and Utah and Arizona and Utah and Arizona and Arizona and Arizona and Arizona and Arizona and Arizona and Arizona and Arizona and Arizona and Arizona and
Paris Paris Paris Paris Paris Paris Paris Paris Paris Paris Paris Paris Paris Paris Paris Paris Paris Paris Paris Paris Paris Paris Paris Paris Paris Paris Paris Paris Paris Paris,basketball men basketball men basketball men basketball men basketball men basketball men basketball men basketball men basketball men basketball men basketball men basketball men basketball men basketball men basketball men,men basketball men basketball men basketball men basketball men basketball men basketball men basketball men basketball men basketball men basketball men basketball men basketball men basketball men basketball men basketball,basketball basketball season basketball season basketball season basketball season basketball season basketball season basketball season basketball season basketball season basketball season basketball season basketball season basketball season basketball season basketball,basketball men basketball men basketball basketball men basketball men basketball men basketball men basketball men basketball men basketball men basketball men basketball men basketball men basketball men basketball men basketball
Paris and Paris and in Paris and Paris and Paris and Paris and Paris and Paris and Paris and Paris and Paris and Paris and Paris and Paris and Paris,didn in the USA in the USA in the USA in the USA in the USA in the USA in the USA in the USA in the USA in the,the in the USA in the USA in the USA in the USA in the USA in the USA in the USA in the USA in the USA in the,NBA and the NBA in the NBA and the NBA in the NBA and the NBA in the NBA and the NBA in the NBA and the NBA in the,NBA and the NBA in the NBA and the NBA in the NBA and the NBA in the NBA in the NBA and the NBA in the NBA in the
US. US. US. US. US. US. US. US. US. US. US. US. US. US. US.,US. US. US. US. US. US. US. US. US. US US. US. US. US. US. US,US. US. US. US. US. US. US. US. US US. US. US. US. US. US. US,US. US. US. US. US. US. US. US. US. US. US US. US. US. US. US,US. US. US. US. US. US. US. US. US. US. US. US US. US. US. US
unbeaten to a record of a record of a record of a record of a record of a record of a record of a record of a record,. a. 1 to a. 1 a. 1 a. 1 a. 1 a. 1 a. 1 a. 1 a. 1 a,unbeaten to a record of a record of a record of a record of a record of a record of a record of a record of record of,44's record to a record of a record of a record of a record of a record of a record of a record of a record of a,unbeaten to a record of a record of a record of a record of a record of a record of a record of record of a record of
final in the final in the final in the final in the final in the final in the final in the final in the final in the final in the,quarter in the final in the final in the final in the final in the final in the final in the final in the final in the final in the,due in the final in the final in the final in the final in the final in the final in the final in the final in the final in the,", with a draw in a draw in a draw in a draw in a draw in a draw in a draw in a draw in a draw in a",the in the final in the final in the final in the final in the final in the final in the final in the final in the final in the
XXs. The XXs. The XXs. The XXs. The XXs. The XXs. The XXs. The XXs,XXs. The XXs. The XXs. The XX. The XX. The XX. The XX. The XX. The XX. The,XXs. The XXs. The XXs. The XXs. The XXs. The XXs. The XXs. The XX.,XXs. The XXs. The XXs. The XXs. The XXs. The XXs. The XXs. XXs.,XXs. The XXs. The XXs. The XXs. The XX. The XX. The XX. The XX. The XX.
driver is the driver in the driver in the driver in the driver in the driver in the driver in the driver in the driver in the driver in the,driver the driver is a driver in a driver in a driver in a driver in a driver in a driver in a driver in a driver in a driver,talent is in the talent in the talent in the talent in the talent in the talent in the talent in the talent in the talent in the talent,driver the driver is the driver in the driver in the driver in the driver in the driver in the driver in the driver in the driver in the driver,driver is the driver in the driver in a driver in a driver in a driver in a driver in a driver in a driver in a driver in a
. E. E. E. E. E. E. E. E. E. E. E. E. E. E. E,E and E. E. E. E. E. E. E. E. E. E. E. E. E. E.,.s. E. E. E. E. E. E. E. E. E. E. E. E. E. E,. E. E. E. E. E. E. E. E. E. E. E. E. E. E. ',. E. E. E. E. E. E. E. E. E. E. E. E. E E. E.
center at the center at the center at the center at the center at the center at the center at the center at the center at the center at the,the at the center at the center at the center at the center at the center at the center at the center at the center at the center at the,White at the center at the center at the center at the center at the center at the center at the center at the center at the center at the,center at the center at the center at the center center at the center at the center at the center at the center at the center at the center at,center at the center at the center center at the center at the center at the center at the center at the center at the center at the center at
Sacramento to Sacramento to Sacramento to Sacramento to Sacramento to Sacramento to Sacramento to Sacramento to Sacramento to Sacramento to Sacramento to Sacramento to Sacramento to Sacramento to,questions as to questions as to questions as to questions as to questions as to questions as to questions as to questions as to questions as to questions as,questions to questions as to questions as to questions as to questions as to questions as to questions as to questions as to questions as to questions as to,team as team to team as team to team as team to team as team to team as team to team as team to team as team to team as,team as team to team as team as team as team as team as team as team as team as team as team as team as team as team as
âĢĢĢĢĢĢĢĢĢĢĢĢĢĢ ',âĢĢĢĢĢĢĢĢĢĢĢĢĢĢ in,âĢĢĢĢĢĢĢĢĢĢĢĢĢĢ for,âĢĢĢĢĢĢĢĢĢĢĢĢĢĢs,âĢsĢsĢsĢsĢsĢsĢsĢsĢsĢ
He. He. He. He. He. He. He. He. He. He. He. He. He. He. He.,"James, James. James. James. James. James. James. James. James. James. James. James. James. James. James.","Bron, James. James. James. James. James. James. James. James. James. James. James. James. James. James.",He for He for He. He for He for He. He for He for He. He for He for He. He for He for He.,He for He for He for He. He for He for He for He. He for He for He for He. He for He for He for
