one of the knights of the knights of the knights of the knights of the knights of the knights of the knights of the knights of the knights of the,most of the knights of the knights of the knights of the knights of the knights of the knights of the knights of the knights of the knights of the,the office of the office of the office of the office of the office of the office of the office of the office of the office of the office of,office of the executive office of the executive office of the executive office of the executive office of the executive office of the executive office of the executive office of,most of the most senior of the senior of the senior of the senior of the senior of the senior of the senior of the senior of the senior of
yards of yards of yards of yards of yards of yards of yards of yards of yards of yards of yards of yards of yards of yards of yards of,seven of seven of seven of seven of seven of seven of seven of seven of seven of seven of seven of seven of seven of seven of seven of,Michigan of Michigan of Michigan State of Michigan of Michigan of Michigan of Michigan of Michigan of Michigan of Michigan of Michigan of Michigan of Michigan of Michigan of Michigan,yards of yards of yards of yards yards of yards of yards of yards of yards of yards of yards of yards of yards of yards of yards of yards,penalties of penalties of penalties of penalties of penalties of penalties of penalties of penalties of penalties of penalties of penalties of penalties of penalties of penalties of penalties
the work on the work on the work on the work on the work on the work on the work on the work on the work on the work on,how the work on the work on the work on the work on the work on the work on the work on the work on the work on the work,with the work on the work on the work on the work on the work on the work on the work on the work on the work on the work,By the work on the work on the work on the work on the work on the work on the work on the work on the work on the work,. the work on the work on the work on the work on the work on the work on the work on the work on the work on the work
know I know I know I know I know I know I know I know I know I know I know I know I know I know I know I,I I know I know I know I know I know I know I know I know I know I know I know I know I know I know I,? I know I know I know I know I know I know I know I know I know I know I know I know I know I know I,you you know I know I know I know I know I know I know I know I know I know I know I know I know I know I,well I know I know I know I know I know I know I know I know I know I know I know I know I know I know I
games in four games in four games in four games in four games in four games in four games in four games in four games in four games in four,games four games in four games in four games in four games in four games in four games in four games in four games in four games in four games,days in four days in four days in four days in four days in four days in four days in four days in four days in four days in four,Tigers Tigers Tigers Tigers Tigers Tigers Tigers Tigers Tigers Tigers Tigers Tigers Tigers Tigers Tigers Tigers Tigers Tigers Tigers Tigers Tigers Tigers Tigers Tigers Tigers Tigers Tigers Tigers Tigers,four games in four games in four games in four games in four games in four games in four games in four games in four games in four games in
I I. I. I. I. I. I. I. I. I. I. I. I. I. I. I,. I. I. I. I. I. I. I. I. I. I. I. I. I. I. I,I I. I. I. I. I. I. I. I I. I. I. I. I. I. I.,I I. I. I. I. I. I. I I. I. I. I. I. I. I. I.,I I. I. I. I. I. I. I. I. I I. I. I. I. I. I.
Soviet and the Soviet Union and the Soviet Union and the Soviet Union and the Soviet Union and the Soviet Union and the Soviet Union and the Soviet Union and,Nazi the Soviet Union by the Soviet Union by the Soviet Union by the Soviet Union by the Soviet Union by the Soviet Union by the Soviet Union by the,Soviet and Soviet Union and the Soviet Union and the Soviet Union and the Soviet Union and the Soviet Union and the Soviet Union and the Soviet Union and the,the Soviet Union and the Soviet Union and the Soviet Union and the Soviet Union and the Soviet Union and the Soviet Union and the Soviet Union and the Soviet,both the Soviet Union and the Soviet Union and the Soviet Union and the Soviet Union and the Soviet Union and the Soviet Union and the Soviet Union and the
"'s "" "" "" "" "" "" "" "" "" "" "" "" "" "" "" "" "" "" "" "" "" "" "" "" "" "" "" "" ""","""'s "" "" "" "" "" "" "" "" "" "" "" "" "" "" "" "" "" "" "" "" "" "" "" "" "" "" """,".'s "" "" "" "" "" "" "" "" "" "" "" "" "" "" "" "" "" "" "" "" "" "" "" "" "" "" ""","Design's "" "" "" "" "" "" "" "" "" "" "" "" "" "" "" "" "" "" "" "" "" "" "" "" "" "" """,".s. "" "" "" "" "" "" "" "" "" "" "" "" "" "" "" "" "" "" "" "" "" "" "" "" "" "" """
expanded and expanded and expanded and expanded and expanded and expanded and expanded and expanded and expanded and expanded and expanded and expanded and expanded and expanded and expanded,expanded and expanded and expanded and expanded and expanded and and expanded and expanded and expanded and expanded and expanded and expanded and expanded and expanded and expanded and,expanded and expanded and expanded and expanded and expanded and expanded and and expanded and expanded and expanded and expanded and expanded and expanded and expanded and expanded and,expanded and expanded and expanded and expanded and expanded and expanded and expanded and and expanded and expanded and expanded and expanded and expanded and expanded and expanded and,expanded and expanded and expanded and expanded and expanded and expanded and expanded and expanded and expanded and expanded and expanded and expanded and expanded and expanded to a
months it was the 18 months it was the 18 months it was the 18 months it was the 18 months it was the 18 months it was the 18,months it was on the 18 months it was on the 18 months it was on the 18 months it was on the 18 months it was on the 18,' on the 18 months it was on the 18 months it was on the 18 months it was on the 18 months it was on the 18 months it,months on the 18 months it was on the 18 months it was on the 18 months it was on the 18 months it was on the 18 months it,18 it was on the 18 months it was on the 18 months it was on the 18 months it was on the 18 months it was on the 18
Grand on 24 October 2011. Grand on 24 October 2011. Grand on 24 October 2011. Grand on 24 October 2011. Grand on 24 October 2011.,W on 24 October 2011. W on 24 October 2011. W on 24 October 2011. W on 24 October 2011. W on 24 October 2011.,Grand on 24 June 2011. Grand on 24 June 2011. Grand on 24 June 2011. Grand on 24 June 2011. Grand on 24 June 2011.,W on 24 June 2011. W on 24 June 2011. W on 24 June 2011. W on 24 June 2011. W on 24 June 2011.,held on 24 October 2011. in October 2011. in October 2011. in October 2011. in October 2011. in October 2011. in October 2011.
pain in the pain in the pain in the pain in the pain in the pain in the pain in the pain in the pain in the pain in the,pain in the pain in the pain in the pain in the pain in the pain in the pain in the pain in the pain in the pain in pain,pain in the pain in the pain in the pain in the pain in the pain in the pain in the pain in the pain in pain in the pain,pain in the pain in the pain in the pain in the pain in the pain in the pain in the pain in pain in the pain in the pain,pain in the pain in the pain in the pain in the pain in the pain in the pain in pain in the pain in the pain in the pain
. a. a. a. a. a. a. a. a. a. a. a. a. a. a. a,. a. a. a. a. a. a. a a. a. a. a. a. a. a. a.,. a. a. a. a. a. a a. a. a. a. a. a. a. a. a.,. a. a. a. a. a. a. a. a a. a. a. a. a. a. a.,. a. a. a. a. a. a. a. a. a a. a. a. a. a. a.
a for the Missa for the Missa for the Missa for the Missa for the Missa for the Missa for the Missa for,a for the Missa for the Missa for the Missa for the Missa for the Missa for the Missa for Missa for the,a for the Missa for the Missa for the Missa for the Missa for the Missa for Missa for the Missa for the,a for the Missa for the Missa for the Missa for the Missa for Missa for the Missa for the Missa for the,a for the Missa for the Missa for the Missa for the Missa for the Missa for the Missa for the Missa Miss
book of a book of a book of a book of a book of a book of a book of a book of a book of a book of a,book a book of a book of a book of a book of a book of a book of a book of a book of a book of a book,Year of a Year of a Year of a Year of a Year of a Year of a Year of a Year of a Year of a Year of a,of a book of a book of a book of a book of a book of a book of a book of a book of a book of a book,significant a book of a book of a book of a book of a book of a book of a book of a book of a book of a book
I I I I I I I I I I I I I I I I I I I I I I I I I I I I I I,I I I I I I I I I I I I I I I I I I I I I I I I I I I I I the,I I I the I the I the I the I the I the I the I the I the I the I the I the I the I the,I I I I I I I I I I I I I I I I I I I I I I I I I I I I I by,I I I I I I I I I I I I I I I I I I I I I I I I I I I I I u
1959 on 29 March 1959. on 29 March 1959. on 29 March 1959. on 29 March 1959. on 29 March 1959. on 29 March 1959,while on March 29 while on March 29 while on March 29 while on March 29 while on March 29 while on March 29 while on March 29 while on,", on March 29. March 29. March 29. March 29. March 29. March 29. March 29. March 29. March 29. March",.. on March 29. March 29. March 29. March 29. March 29. March 29. March 29. March 29. March 29.,while on March 29. March 29. March 29. March 29. March 29. March 29. March 29. March 29. March 29. March
Fox and Fox and Fox and Fox and Fox and Fox and Fox and Fox and Fox and Fox and Fox and Fox and Fox and Fox and Fox and,1991 in 1991 and 1991 in 1991 and 1991 in 1991 and 1991 in 1991 and 1991 in 1991 and 1991 in 1991 and 1991 in 1991 and 1991 in,Fox and Fox and Fox and Fox and Fox and Fox and Fox and Fox and Fox and Fox and Fox and Fox and Fox and Fox and Fox in,Fox and Fox and Fox and Fox and Fox Fox and Fox and Fox and Fox and Fox and Fox and Fox and Fox and Fox and Fox and Fox,Fox and Fox and Fox and Fox and Fox and Fox and Fox Fox and Fox and Fox and Fox and Fox and Fox and Fox and Fox and Fox
storm on a storm on a storm on a storm on a storm on a storm on a storm on a storm on a storm on a storm on a,earth on a storm on a storm on a storm on a storm on a storm on a storm on a storm on a storm on a storm on a,earth on a storm on a storm on a storm on storm on storm on storm on storm on storm on storm on storm on storm on storm on storm,earth on a storm on a storm on a storm on a storm on storm on storm on storm on storm on storm on storm on storm on storm on,earth on a storm on a storm on a storm on a storm on a storm on a storm on a storm on a storm on storm on a storm
team the team of the team of the team of the team of the team of the team of the team of the team of the team of the team,team of the team of the team of the team of the team of the team of the team of the team of the team of the team of the,of the team of the team of the team of the team of the team of the team of the team of the team of the team of the team,the team of the team of the team of the team of the team of the team of the team of the team of the team of the team of,than the team of the team of the team of the team of the team of the team of the team of the team of the team of the team
track in a track in a track in a track in a track in a track in a track in a track in a track in a track in a,week in a week in a week in a week in a week in a week in a week in a week in a week in a week in a,year in a year in a year in a year in a year in a year in a year in a year in a year in a year in a,track in a year in a year in a year in a year in a year in a year in a year in a year in a year in a,week in a year in a year in a year in a year in a year in a year in a year in a year in a year in a
Cha Cha Cha Cha Cha Cha Cha Cha Cha Cha Cha Cha Cha Cha Cha Cha Cha Cha Cha Cha Cha Cha Cha Cha Cha Cha Cha Cha Cha,who his character was who he was who he was who he was who he was who he was who he was who he was who he was who he,character was his character who was his character who was his character who was his character who was his character who was his character who was his character who was,he he was replaced who was replaced who was replaced who was replaced who was replaced who was replaced who was replaced who was replaced who was replaced who was,in he was replaced who was replaced who was replaced who was replaced who was replaced who was replaced who was replaced who was replaced who was replaced who was
a's life as a life as a life as a life as a life as a life as a life as a life as a life as a,as's life as a life as a life as a life as a life as a life as a life as a life as a life as a,cha's life as a life as a life as a life as a life as a life as a life as a life as a life as a,as's life as a life as a life as a life as a life as a life as a life as life as a life as a life,as's life as a life as a life as a life as a life as a life as life as a life as a life as a life
the one that is the one that is the one that is the one that is the one that is the one that is the one that is the one,that is the one that is the one that is the one that is the one that is the one that is the one that is the one that is,the is the one that is the one that is the one that is the one that is the one that is the one that is the one that is,one is the one that is the one that is the one that is the one that is the one that is the one that is the one that is,the one that is the one that is the one that is the one that is the one that is the one that is the one the one that is
she and she and she and she and she and she and she and she and she and she and she and she and she and she and she and,", and she and she and she and she and she and she and she and she and she and she and she and she and she and she and",but but she and she and she and she and she and she and she and she and she and she and she and she and she and she and,first first and second in first and second in first and second in first and second in first and second in first and second in first and second in first,second and second in first and second in first and second in first and second in first and second in first and second in first and second in first and
allowed's teams to take on the professional teams to take on the teams to take on the teams to take on the teams to take on the teams,allowed's teams to take on the professional teams to take on the professional teams to take on the professional teams to take on the professional teams to take,allowed's teams to take on the professional teams to take on the professional teams to take on the teams to take on the teams to take on the,allowed's teams to take on the professional teams to take on the teams to take on the professional teams to take on the teams to take on the,allowed's teams to take on the professional teams to take on the professional teams to take on the teams to take on the professional teams to take on
final to the final of the final of the final of the final of the final of the final of the final of the final of the final of the,. of the final stage to the final stage to the final stage to the final stage to the final stage to the final stage to the final stage to,stage of the final stage of the final stage of the final stage of the final stage of the final stage of the final stage of the final stage of,final to the final stage of the final stage to the final stage to the final stage to the final stage to the final stage to the final stage to,final of the final stage of the final stage of the final stage of the final stage of the final stage of the final stage of the final stage of
I I I I I I I I I I I I I I I I I I I I I I I I I I I I I I,I I It I I I I I I I I I I I I I I I I I I I I I I I I I I I,I I I It I I I I I I I I I I I I I I I I I I I I I I I I I I,I I I I I I I I I I I I I I I I I I I I I I I I I I I I I It,I I I I It I I I I I I I I I I I I I I I I I I I I I I I I I
Man of the Man of the Man of the Man of the Man of the Man of the Man of the Man of the Man of the Man of the,Man by the Man by the Man by the Man by the Man by the Man by the Man by the Man by the Man by the Man by the,Man the Man of the Man of the Man of the Man of the Man of the Man of the Man of the Man of the Man of the Man,Man of the Man of the Man of the Man of the Man of the Man of the Man of the Man of the Man of the Man of Man,Man of the Man of the Man of the Man of the Man of the Man of the Man of the Man of the Man of Man of the Man
she when she was in a helicopter when she was in a helicopter when she was in a helicopter when she was in a helicopter when she was in a,a when she was in a helicopter when she was in a helicopter when she was in a helicopter when she was in a helicopter when she was in a,fired in September 2010 when she was fired when she was fired when she was fired when she was fired when she was fired when she was fired when she,fired in September 2010 when she was fired in September 2010 when she was fired in September 2010 when she was fired in September 2010 when she was fired in,member when she was in a helicopter when she was in a helicopter when she was in a helicopter when she was in a helicopter when she was in a
Yeah. Yeah. Yeah. Yeah. Yeah. Yeah. Yeah. Yeah. Yeah. Yeah. Yeah. Yeah. Yeah. Yeah. Yeah.,Yeah. Yeah. Yeah. Yeah. Yeah Yeah. Yeah. Yeah. Yeah. Yeah. Yeah. Yeah. Yeah. Yeah. Yeah. Yeah,Yeah. Yeah. Yeah. Yeah. Yeah. Yeah. Yeah. Yeah. Yeah. Yeah. Yeah. Yeah. Yeah. Yeah. Yeah and,Yeah. Yeah. Yeah. Yeah. Yeah. Yeah. Yeah. Yeah. Yeah. Yeah. Yeah. Yeah. Yeah. Yeah. Yeah in,process in the process and in the process and in the process and in the process and in the process and in the process and in the process and in
last of last weeks of last weeks of last weeks of last weeks of last weeks of last weeks of last weeks of last weeks of last weeks of last,Do. Do. Do. Do. Do. Do. Do. Do. Do. Do. Do. Do. Do. Do. Do.,last of last weeks of last weeks of last weeks of last weeks of last weeks of last weeks of last last weeks of last weeks of last weeks of,last of last weeks of last weeks of last weeks of last weeks of last weeks of last last weeks of last weeks of last weeks of last weeks of,last of last weeks of last weeks of last weeks of last weeks of last weeks of last weeks of last weeks of last last weeks of last weeks of
election by election by election by election by election by election by election by election by election by election by election by election by election by election by election by,Primary by election by election by election by election by election by election by election by election by election by election by election by election by election by election by,election by election by election by election by election by election by election by election by election by election by election by election by election by election by election at,election by election by election by election by by election by election by election by election by election by election by election by election by election by election by election,election by election by election by by election by election by election by election by election by election by election by election by election by election by election by election
take to take to themselves to take to themselves to take to themselves to take to themselves to take to themselves to take to themselves to take to themselves to,take to take to themselves to take to themselves to take themselves to take themselves to take themselves to take themselves to take themselves to take themselves to take themselves,take to take to themselves to take themselves to take themselves to take themselves to take themselves to take themselves to take themselves to take themselves to take themselves to,take to take to themselves to take to themselves to take to themselves to take themselves to take themselves to take themselves to take themselves to take themselves to take,take to take to themselves to take to themselves to take to themselves to take to themselves to take to themselves to take to themselves to take themselves to take
the will to the will to the will to the will to the will to the will to the will to the will to the will to the will to,the will to the will to the will to the will to the will to the will will to the will to the will to the will to the will,the will to the will to the will to the will to the will to the will to the will will to the will to the will to the will,the will to the will to the will to the will to the will will to the will to the will to the will to the will to the will,the will to the will to the will to the will to the will to the will to the will to the will will to the will to the will
school at a school at a school at a school at a school at a school at a school at a school at a school at a school at a,", a school at a school at a school at a school at a school at a school at a school at a school at a school at a school",school at a school at a school school at a school at a school at a school at a school at a school at a school at a school at,school a school at a school at a school at a school at a school at a school at a school at a school at a school at a school,there at a school at a school at a school at a school at a school at a school at a school at a school at a school at a
ennial next to the W. W. next to the W. W. next to the W. W. next to the W. W. next,W. W. W. in the W. W. in the W. W. in the W. W. in the W. W.,W. W. W. in the W. W. W. in the W. W. in the W. W. in the W.,ennial next to the W. W. next to the W. W. next to the W. W. next to W. W. next to,ennial next to the W. W. next to the W. W. next to the W. W. next next to the W. W.
the power of the power of the power of the power of the power of the power of the power of the power of the power of the power of,power of the power of the power of the power of the power of the power of the power of the power of the power of the power of the,power the power of the power of the power of the power of the power of the power of the power of the power of the power of the power,the power of the power of the power of the power of the power of the power of the power of the power of the power of power of the,the of the power of the power of the power of the power of the power of the power of the power of the power of the power of the
Gow Gow Gow Gow Gow Gow Gow Gow Gow Gow Gow Gow Gow Gow Gow Gow Gow Gow Gow Gow Gow Gow Gow Gow Gow Gow Gow Gow Gow,Leis Leis Leis Leis Leis Leis Leis Leis Leis Leis Leis Leis Leis Leis Leis,David David and David and David and David and David and David and David and David and David and David and David and David and David and David and David,Guis and Guis and Guis and Guis and Guis and Guis and Guis and Guis and Guis and Guis and,David and David and David and David and David and David and David and David and David and David and David and David and David and David and David and
still I. I. I. I. I. I. I. I. I. I. I. I. I. I. I,. I. I. I. I. I. I. I. I. I. I. I. I. I. I. I,I and I. I. I. I. I. I. I. I. I. I. I. I. I. I.,and I. I. I. I. I. I. I. I. I. I. I. I. I. I. I,today I. I. I. I. I. I. I. I. I. I. I. I. I. I. I
Australia and Australia in Australia and Australia in Australia and Australia in Australia and Australia in Australia and Australia in Australia and Australia in Australia and Australia in Australia and,the war in the war in the war in the war in the war in the war in the war in the war in the war in the war in,war in the war in the war in the war in the war in the war in the war in the war in the war in the war in the,Australia and Australia in Australia and Australia in Australia and Australia in Australia and Australia in Australia and Australia in Australia and Australia in Australia and Australia and Australia in,Australia and Australia in Australia and Australia in Australia and Australia in Australia and Australia in Australia and Australia in Australia and Australia in Australia and Australia and Australia and
control and control and control and control and control and control and control and control and control and control and control and control and control and control and control and,The control and control and control and control and control and control and control and control and control and control and control and control and control and control and control,for control and control and control and control and control and control and control and control and control and control and control and control and control and control and control,The and on and on and on and on and on and on and on and on and on and on and on and on and on and on and,and on and on and on and on and on and on and on and on and on and on and on and on and on and on and on
designed and designed and designed and designed and designed and designed and designed and designed and designed and designed and designed and designed and designed and designed and designed and,Johnson and Johnson and Johnson and Johnson and Johnson and Johnson and Johnson and Johnson and Johnson and Johnson and Johnson and Johnson and Johnson and Johnson and Johnson and,sound and sound and sound and sound and sound and sound and sound and sound and sound and sound and sound and sound and sound and sound and sound and,sound of sound and sound of sound of sound of sound of sound of sound of sound of sound of sound of sound of sound of sound of sound of,Johnson designed and designed and designed and designed and designed and designed and designed and designed and designed and designed and designed and designed and designed and designed and designed
design The design The design The design The design The design The design The design The design The design The design The design The design The design The design The,design design The design The design The design The design The design The design The design The design The design The design The design The design The design The design,design The design The design design The design The design The design The design The design The design The design The design The design The design The design The design,design The design The design The design design The design The design The design The design The design The design The design The design The design The design The design,within design The design The design The design The design The design The design The design The design The design The design The design The design The design The design
The to. The to. The to. The to. The to. The to. The to. The to. The to. The to.,The to. The to. The to. The to. The to. The to. The to. The to. The to. The to the,The to. The to. The to. The to. The to. The to. The to. The to. The to the. The to,The to. The to. The to. The to. The to. The to. The to. The to the. The to. The to,The to. The to. The to. The to. The to. The to. The to the. The to. The to. The to
space and space and space and space and space and space and space and space and space and space and space and space and space and space and space and,space space and space and space and space and space and space and space and space and space and space and space and space and space and space and space,occupied space and space and space and space and space and space and space and space and space and space and space and space and space and space and space,s space and space and space and space and space and space and space and space and space and space and space and space and space and space and space,y space and space and space and space and space and space and space and space and space and space and space and space and space and space and space
I I I I I I I I I I I I I I I I I I I I I I I I I I I I I I,I I I I I I I I I I I I I I I I I I I I I I I I I I I I I was,I I I I I I I I I I I I I I I I I I I I I I I I I I I I I It,I I I I It I I I I I I I I I I I I I I I I I I I I I I I I I,I I I I I I I I I I I I I I I I I I I I I I I I I I I I It was
closed after it closed after it closed after it closed after it closed after it closed after it closed after it closed after it closed after it closed after it,after it closed after it closed after it closed after it closed after it closed after it closed after it closed after it closed after it closed after it closed,after after it closed after it closed after it closed after it closed after it closed after it closed after it closed after it closed after it closed after it,its after it closed after it closed after it closed after it closed after it closed after it closed after it closed after it closed after it closed after it,it after it closed after it closed after it closed after it closed after it closed after it closed after it closed after it closed after it closed after it
send it and send it and send it and send it and send it and send it and send it and send it and send it and send it and,send it and send it and send it it and send it and send it and send it and send it and send it and send it and send it,send it and send it and send it and send it it and send it and send it and send it and send it and send it and send it,send it and send it and send it and send it and send it and it and send it and send it and send it and send it and send,send it and send it and send it and send it and send it and send it and it and send it and send it and send it and send
He knows it. He knows it. He knows it. He knows it. He knows it. He knows it. He knows it. He knows,asks it. He knows it. He knows it. He knows it. He knows it. He knows it. He knows it. He knows it,.. He who knows it. He who knows it. He who knows it. He who knows it. He who knows it. He who knows,it. He knows it. He knows it. He knows it. He knows it. He knows it. He knows it. He knows it.,it it. He knows it. He knows it. He knows it. He knows it. He knows it. He knows it. He knows it
One One One One One One One One One One One One One One One One One One One One One One One One One One One One One One,One One One One One One. One One One One One One One One One One One One One One One One One One One One One One One,One One One One One. One One One One One One One One One One One One One One One One One One One One One One One One,One One One One. One One One One One One One One One One One One One One One One One One One One One One One One One,love the love the love the love the love the love the love the love the love the love the love the love the love the love the love the
icles The poems The poems The poems The poems The poems The poems The poems The poems The poems The poems The poems The poems The poems The poems The,icles The poems The poems The poems The poems The poems The poems The poems The poems The poems The poems The poems The poems The poems The poems ,icles The eight poems The eight poems The eight poems The eight poems The eight poems The eight poems The eight poems The eight poems The eight poems The eight,icles The eight poems The eight poems The poems The eight poems The eight poems The eight poems The eight poems The eight poems The eight poems The eight poems,icles The eight poems The eight poems The eight poems The poems The eight poems The eight poems The eight poems The eight poems The eight poems The eight poems
daughter daughter born daughter born daughter born daughter born daughter born daughter born daughter born daughter born daughter born daughter born daughter born daughter born daughter born daughter born daughter,daughter Their daughter Their daughter Their daughter Their daughter Their daughter Their daughter Their daughter Their daughter Their daughter Their daughter Their daughter Their daughter Their daughter Their daughter Their,daughter daughter born daughter born daughter born born daughter born daughter born daughter born daughter born daughter born daughter born daughter born daughter born daughter born daughter born daughter born,daughter daughter born daughter born daughter born daughter born born daughter born daughter born daughter born daughter born daughter born daughter born daughter born daughter born daughter born daughter born,Their daughter born daughter born daughter born daughter born daughter born daughter born daughter born daughter born daughter born daughter born daughter born daughter born daughter born daughter born daughter
Hey on and on and on and on and on and on and on and on and on and on and on and on and on and on and on,Ray and Ray and Ray and Ray and Ray and Ray and Ray and Ray and Ray and Ray and Ray and Ray and Ray and Ray and Ray and,Hey and on and on and on and on and on and on and on and on and on and on and on and on and on and on and,Hey and Ray and Ray and Ray and Ray and Ray and Ray and Ray and Ray and Ray and Ray and Ray and Ray and Ray and Ray and,Hi and on and on and on and on and on and on and on and on and on and on and on and on and on and on and
color the color the color the color the color the color the color the color the color the color the color the color the color the color the color the,color the color color the color the color the color the color the color the color the color the color the color the color the color the color the color,color the orange color the orange color the orange color the orange color the orange color the orange color the orange color the orange color the orange color the orange,color the color the color color the color the color the color the color the color the color the color the color the color the color the color the color,color the color the color the the color the color the color the color the color the color the color the color the color the color the color the color
atatatatatatatatatatatatatatatatatatatatatatatatatatatatatat,52 52 52 52 52 52 52 52 52 52 52 52 52 52 52 52 52 52 52 52 52 52 52 52 52 52 52 52 52 52,He He He He He He He He He He He He He He He He He He He He He He He He He He He He He He,76atatatatatatatatatatatatatatatatatatatatatatatatatatatatat,canceratatatatatatatatatatatatatatatatatatatatatatatatatatatatat
O O O O O O O O O O O O O O O O O O O O O O O O O O O O O O,education from education from education from education from education from education from education from education from education from education from education from education from education from education from education from,education from education from education from education education from education from education from education from education from education from education from education from education from education from education from education,education from education from education from education from education education from education from education from education from education from education from education from education from education from education from education,education from education from education from education from education from education education from education from education from education from education from education from education from education from education from education
food of food and food of food of food of food of food of food of food of food of food of food of food of food of food of,food of food and food of food and food of food and food of food and food of food and food of food and food of food and food of,food of food and of food and of food and of food and of food and of food and of food and of food and of food and of food,food of food and of food of food of food of food of food of food of food of food of food of food of food of food of food,food of food and food of food of food and food of food of food of food of food of food of food of food of food of food of
pulmonary pulmonary pulmonary pulmonary pulmonary pulmonary pulmonary pulmonary pulmonary pulmonary pulmonary pulmonary pulmonary pulmonary pulmonary pulmonary pulmonary pulmonary pulmonary pulmonary pulmonary pulmonary pulmonary pulmonary pulmonary pulmonary pulmonary pulmonary,Brisbane and Brisbane and Brisbane and Brisbane and Brisbane and Brisbane and Brisbane and Brisbane and Brisbane and Brisbane and Brisbane and Brisbane and Brisbane and Brisbane and,pulmonary and pulmonary pulmonary pulmonary pulmonary pulmonary pulmonary pulmonary pulmonary pulmonary pulmonary pulmonary pulmonary pulmonary pulmonary pulmonary pulmonary pulmonary pulmonary pulmonary pulmonary pulmonary pulmonary pulmonary pulmonary pulmonary pulmonary,severe and severe and severe as severe as severe as severe as severe as severe as severe as severe as severe as severe as severe as severe as severe as,pulmonary pulmonary pulmonary pulmonary pulmonary pulmonary pulmonary pulmonary pulmonary pulmonary pulmonary pulmonary pulmonary pulmonary pulmonary pulmonary pulmonary pulmonary pulmonary pulmonary pulmonary pulmonary pulmonary pulmonary pulmonary pulmonary pulmonary and
every in a building in a building in a building in a building in a building in a building in a building in a building in a building in a,every of a building in a building in a building in a building in a building in a building in a building in a building in a building in a,every in a building in a building in a building in a building in a building in a building in a building in a building in a building in building,every in a building in a building in a building in a building in a building in a building in a building in a building in building in a building,every in a building in a building in a building in a building in a building in a building in a building in building in a building in a building
I I I I I I I I I I I I I I I I I I I I I I I I I I I I I I,true I. I. I. I. I. I. I. I. I. I. I. I. I. I. I,. I. I. I. I. I. I. I. I. I. I. I. I. I. I. I,I I I I I I I I I I I I I I I I I I I I I I I I I I I I I.,history I. I. I. I. I. I. I. I. I. I. I. I. I. I. I
10 10 10 10 10 10 10 10 10 10 10 10 10 10 10 10 10 10 10 10 10 10 10 10 10 10 10 10 10 10,10 10 10 10 10 10 10 10 10 10 10 10 10 10 10 10 10 10 10 10 10 10 10 10 10 10 10 10 10 August,10 10 10 10 10 10 10 10 10 10 10 10 10 10 10 10 10 10 10 10 10 10 10 10 10 10 10 10 10 into,10 10 10 10 10 10 10 10 10 10 10 10 10 10 10 10 10 10 10 10 10 10 10 10 10 10 10 10 10 29,10 10 10 10 10 10 10 10 10 10 10 10 10 10 10 10 10 10 10 10 10 10 10 10 10 10 10 10 10 April
stage and stage and stage and stage and stage and stage and stage and stage and stage and stage and stage and stage and stage and stage and stage and,The stage and stage and stage and stage and stage and stage and stage and stage and stage and stage and stage and stage and stage and stage and stage,and officers and officers and officers and officers and officers and officers and officers and officers and officers and officers and officers and officers and officers and officers and officers,while officers and officers and officers and officers and officers and officers and officers and officers and officers and officers and officers and officers and officers and officers and officers,The officers and officers and officers and officers and officers and officers and officers and officers and officers and officers and officers and officers and officers and officers and officers
film the film the film the film the film the film the film the film the film the film the film the film the film the film the film the,went the film went the film went the film went the film went the film went the film went the film went the film went the film went the film,do do it the rio do it the rio do it the rio do it the rio do it the rio do it the r,do do it the rio do it rio do it rio do it rio do it rio do it rio do it rio,do do it the rio do it do it do it do it do it do it do it do it do it do it do it do it
I I. I. I. I. I. I. I. I. I. I. I. I. I. I. I,. I. I. I. I. I. I. I. I. I. I. I. I. I. I. I,I. I. I. I. I. I. I. I. I. I. I. I. I. I. I.,.. Lea Lea Lea Lea Lea Lea Lea Lea Lea Lea Lea Lea Lea Lea,"I, I. I. I. I. I. I. I. I. I. I. I. I. I. I."
l. l. l. l. l. l. l. l. l. l. l. l. l. l. l.,star and the star and the star and the star and the star and the star and the star and the star and the star and the star and the,Space and Space and Space and Space and Space and Space and Space and Space and Space and Space and Space and Space and Space and Space and Space and,My the star and the star and the star and the star and the star and the star and the star and the star and the star and the star,star and the star and star and the star and the star and the star and the star and the star and the star and the star and the star
range of birds in range of birds in range of birds in range of birds in range of birds in range of birds in range of birds in range of,attacks or attacks by birds or by birds or by birds or by birds or by birds or by birds or by birds or by birds or by birds or,attacks or attacks by birds or by birds or birds or by birds or by birds or by birds or by birds or by birds or by birds or by,attacks or attacks by birds or by birds or by birds or birds or by birds or by birds or by birds or by birds or by birds or by,attacks or attacks by birds in which it attacks birds in which it attacks birds in which it attacks birds in which it attacks birds in which it attacks birds
I I I I I I I I I I I I I I I I I I I I I I I I I I I I I I,I I I I I I I I I I I I I I I I I I I I I I I I I I I I I for,I I I I I I I I I I I I I I I I I I I I I I I I I I I I I left,I I I I I I I I I I I I I I I I I I I I I I I I I I I I I What,I I I I I I I I I I I I I I I I I I I I I I I I I I I I I September
transfer and transfer to the transfer and transfer to transfer to transfer to transfer to transfer to transfer to transfer to transfer to transfer to transfer to transfer to transfer,transfer to the transfer to the transfer to the transfer to the transfer to the transfer to the transfer to the transfer to the transfer to the transfer to the,transfer and transfer to the transfer and transfer to the transfer and transfer to the transfer and transfer to the transfer and transfer to the transfer and transfer to the,transfer and the transfer to the transfer to the transfer to the transfer to the transfer to the transfer to the transfer to the transfer to the transfer to the,Ark and the Ark and the Ark and the Ark and the Ark and the Ark and the Ark and the Ark and the Ark and the Ark and the
29 on June 1 and on June 1 and on June 1 and on June 1 and on June 1 and on June 1 and on June 1 and on,1 on June 1 and on June 1 and on June 1 and on June 1 and on June 1 and on June 1 and on June 1 and on,1972 on June 1 and on June 1 and on June 1 and on June 1 and on June 1 and on June 1 and on June 1 and on,ance on June 1 and on June 1 and on June 1 and on June 1 and on June 1 and on June 1 and on June 1 and on,on on June 1 and on June 1 and on June 1 and on June 1 and on June 1 and on June 1 and on June 1 and on
Do on and on and on and on and on and on and on and on and on and on and on and on and on and on and on,Do and on and on and on and on and on and on and on and on and on and on and on and on and on and on and,and on and on and on and on and on and on and on and on and on and on and on and on and on and on and on,Do on and on and on and on and on and on and on and on and on and on and on and on and on and on on and,Do on and on and on and on and on and on and on and on and on and on and on and on and on on and on and
I I I I I I I I I I I I I I I I I I I I I I I I I I I I I I,I I. I. I. I. I. I. I. I. I. I. I. I. I. I. I,19 I. I. I. I. I. I. I. I. I. I. I. I. I. I. I,. I. I. I. I. I. I. I. I. I. I. I. I. I. I. I,I. I. I. I. I. I. I. I. I. I. I. I. I. I. I.
I I and I and I and I and I and I and I and I and I and I and I and I and I and I and I,I and I and I and I and I and I and I and I and I and I and I and I and I and I and I and,and I and I and I and I and I and I and I and I and I and I and I and I and I and I and I,October and October and October and October and October and October and October and October and October and October and October and October and October and October and October and,I was and I was and I was and I was and I was and I was and I was and I was and I was and I was and
I and I and I and I and I and I and I and I and I and I and I and I and I and I and I and,Virginia of Virginia and Virginia and Virginia and Virginia and Virginia and Virginia and Virginia and Virginia and Virginia and Virginia and Virginia and Virginia and Virginia and Virginia and,were I and I and I and I and I and I and I and I and I and I and I and I and I and I and I,of I and I and I and I and I and I and I and I and I and I and I and I and I and I and I,"I, I and I and I and I and I and I and I and I and I and I and I and I and I and I and"
number in the year and the number in the year and the number in the year and the number in the year and the number in the year and the,next in the year and the next in the year and the next in the year and the next in the year and the next in the year and the,before in the year and the next in the year and the next in the year and the next in the year and the next in the year and the,number in the year and the number in the year and the number in the year and the year and the number in the year and the number in the,number in the year and the number in the year and the number in the year and the number in the year and the year and the number in the
like I. I. I. I. I. I. I. I. I. I. I. I. I. I. I,. I. I. I. I. I. I. I. I. I. I. I. I. I. I. I,I. I. I. I. I. I. I. I. I. I. I. I. I. I. I.,on I. I. I. I. I. I. I. I. I. I. I. I. I. I. I,like I. I. I. I. I. I. I. I. I I. I. I. I. I. I.
Yes of the range of the range of the range of the range of the range of the range of the range of the range of the range of the,the range of the range of the range of the range of the range of the range of the range of the range of the range of the range of,western of the western range of the western range of the western range of the western range of the western range of the western range of the western range of,range of the western range of the western range of the western range of the western range of the western range of the western range of the western range of,range of the range of the range of the range of the range of the range of the range of the range of the range of the range of the
ne ne ne ne ne ne ne ne ne ne ne ne ne ne ne ne ne ne ne ne ne ne ne ne ne ne ne ne ne ne,ne ne ne ne ne ne ne ne ne ne ne ne ne ne ne ne ne ne ne ne ne ne ne ne ne ne ne ne ne r,ne ne ne ne ne ne ne ne ne ne ne ne ne ne ne ne ne ne ne ne ne ne ne ne ne ne ne ne ne from,ne ne ne ne ne ne ne ne ne ne ne ne ne ne ne ne ne ne ne ne ne ne ne ne ne ne ne ne ne ph,ne ne ne ne ne ne ne ne ne ne ne ne ne ne ne ne ne ne ne ne ne ne ne ne ne ne ne ne ne were
Okay in stone in stone in stone in stone in stone in stone in stone in stone in stone in stone in stone in stone in stone in stone in,grey in light grey in light grey in light grey in light grey in light grey in light grey in light grey in light grey in light grey in light,stone in stone in stone in stone in stone in stone in stone in stone in stone in stone in stone in stone in stone in stone in stone in,in in stone in stone in stone in stone in stone in stone in stone in stone in stone in stone in stone in stone in stone in stone in,light in stone in stone in stone in stone in stone in stone in stone in stone in stone in stone in stone in stone in stone in stone in
Hill The Hill The Hill The Hill The Hill The Hill The Hill The Hill The Hill The Hill The Hill The Hill The Hill The Hill The Hill The,provided. provided. provided. provided. provided. provided. provided. provided. provided. provided. provided. provided. provided. provided. provided.,Hill an an an an an an an an an an an an an an an an an an an an an an an an an an an an an,Hill The Hill The Hill The Hill Hill The Hill The Hill The Hill The Hill The Hill The Hill The Hill The Hill The Hill The Hill The Hill,Hill The Hill The Hill The Hill The Hill Hill The Hill The Hill The Hill The Hill The Hill The Hill The Hill The Hill The Hill The Hill
Japanese and Japanese and Japanese and Japanese and Japanese and Japanese and Japanese and Japanese and Japanese and Japanese and Japanese and Japanese and Japanese and Japanese and Japanese and,I I and I and I and I and I and I and I and I and I and I and I and I and I and I and I,I and I and I and I and I and I and I and I and I and I and I and I and I and I and I and,and I and I and I and I and I and I and I and I and I and I and I and I and I and I and I,oil and oil and oil and oil and oil and oil and oil and oil and oil and oil and oil and oil and oil and oil and oil and
. I. I. I. I. I. I. I. I. I. I. I. I. I. I. I,I. I. I. I. I. I. I. I. I. I. I. I. I. I. I.,"I, I. I. I. I. I. I. I. I. I. I. I. I. I. I.",I. I. I. I. I. I. I. I I. I. I. I. I. I. I. I,I. I. I. I. I. I. I. I. I I. I. I. I. I. I. I
screen and a screen behind a screen behind a screen behind a screen behind a screen behind a screen behind a screen behind a screen behind a screen behind a,them and a whale and a whale and a whale and a whale and a whale and a whale and a whale and a whale and a whale and a,out in a rain out in a rain out in a rain out in a rain out in a rain out in a rain out in a rain out in,before and behind a screen behind a screen behind a screen behind a screen behind a screen behind a screen behind a screen behind a screen behind a screen behind,bows and a shark and a shark and a shark and a shark and a shark and a shark and a shark and a shark and a shark and a
It and it and it and it and it and it and it and it and it and it and it and it and it and it and it and,and it and it and it and it and it and it and it and it and it and it and it and it and it and it and it,The. and The. and The. and The. and The. and The. and The. and The. and The. and The. and,about about it and about it and about it and about it and about it and about it and about it and about it and about it and about it,It. and It. and It. and It. and It. and It. and It. and It. and It. and It. and
ang the rains from the rains from the rains from the rains from the rains from the rains from the rains from the rains from the rains from the rains,their the rains from the rains from the rains from the rains from the rains from the rains from the rains from the rains from the rains from the rains,a the rains from the rains from the rains from the rains from the rains from the rains from the rains from the rains from the rains from the rains,from the rains from the rains from the rains from the rains from the rains from the rains from the rains from the rains from the rains from the rains,That the rains from the rains from the rains from the rains from the rains from the rains from the rains from the rains from the rains from the rains
CBS and CBS and CBS and CBS and CBS and CBS and CBS and CBS and CBS and CBS and CBS and CBS and CBS and CBS and CBS and,scientists and scientists and scientists and scientists and scientists and scientists and scientists and scientists and scientists and scientists and scientists and scientists and scientists and scientists and scientists,development and development of development and development and development and development and development and development and development and development and development and development and development and development and development and,development and development of a development of a development of a development of a development of a development of a development of a development of a development of a development,development and development of development and development of development and development of development and development of development and development of development and development of development and development of development and
Landis Landis Landis Landis Landis Landis Landis Landis Landis Landis Landis Landis Landis Landis Landis,. Landis. Landis. Landis. Landis. Landis. Landis. Landis. Landis. Landis. Landis,in the Land in the Land in the Land in the Land in the Land in the Land in the Land in the Land in the Land in the Land,Landis Landis Landis Landis Landis Landis Landis Landis Landis Landis Landis Landis Landis Landis in the,view the view in the view in the view in the view in the view in the view in the view in the view in the view in the view
been of wide acclaim has been of wide acclaim has been of wide acclaim has been of wide acclaim has been of wide acclaim has been of wide acclaim has,been of wide acclaim has been of wide acclaim has been of wide acclaim has been of wide acclaim has been of wide acclaim has been of wide acclaim of,been of wide acclaim has been of wide acclaim has been of wide acclaim of wide acclaim of wide acclaim of wide acclaim of wide acclaim of wide acclaim of,been of wide acclaim has been of wide acclaim has been of wide acclaim has been of wide acclaim has been of wide acclaim of wide acclaim of wide acclaim,been of wide acclaim has been of wide acclaim has been of wide acclaim has been of wide acclaim of wide acclaim of wide acclaim of wide acclaim of wide
abortion and abortion and abortion and abortion and abortion and abortion and abortion and abortion and abortion and abortion and abortion and abortion and abortion and abortion and abortion and,comments and comments and comments and comments and comments and comments and comments and comments and comments and comments and comments and comments and comments and comments and comments and,1992 in 1992 and 1992 in 1992 and 1992 in 1992 and 1992 in 1992 and 1992 in 1992 and 1992 in 1992 and 1992 in 1992 and 1992 in,1992 in 1992 and 1992 in 1992 and 1992 in 1992 in 1992 and 1992 in 1992 and 1992 in 1992 and 1992 in 1992 and 1992 in 1992 and,1992 in 1992 and 1992 in 1992 and 1992 in 1992 and 1992 in 1992 in 1992 and 1992 in 1992 and 1992 in 1992 and 1992 in 1992 and
Yeah. Yeah. Yeah. Yeah. Yeah. Yeah. Yeah. Yeah. Yeah. Yeah. Yeah. Yeah. Yeah. Yeah. Yeah.,yeah. Yeah. Yeah. Yeah. Yeah. Yeah. Yeah. Yeah. Yeah. Yeah. Yeah. Yeah. Yeah. Yeah. Yeah.,Yeah. Yeah. Yeah. yeah. Yeah. Yeah. Yeah. Yeah. Yeah. Yeah. Yeah. Yeah. Yeah. Yeah. Yeah.,Yeah. Yeah. yeah. Yeah. Yeah. Yeah. Yeah. Yeah. Yeah. Yeah. Yeah. Yeah. Yeah. Yeah. Yeah.,Yeah. Yeah. Yeah. Yeah. yeah. Yeah. Yeah. Yeah. Yeah. Yeah. Yeah. Yeah. Yeah. Yeah. Yeah.
. o. o. o. o. o. o. o. o. o. o. o. o. o. o. o,. o. o. o. o. o. o. o. o. o. o. o. o. o. o o.,. o. o. o. o. o. o. o. o. o. o. o. o. o o. o.,. o. o. o. o. o. o. o. o. o. o. o. o o. o. o.,. o. o. o. o. o. o. o. o. o. o. o o. o. o. o.
h. h. h. h. h. h. h. h. h. h. h. h. h. h. h.,h. h. h. h. h. h. h. h. h. h. h. h. h. h. h h,h. h. h. h. h. h. h. h. h. h. h. h. h. h h. h,h. h. h. h. h. h. h. h. h. h. h. h. h h. h. h,h. h. h. h. h. h. h. h. h. h. h. h h. h. h. h
I I and I and I and I and I and I and I and I and I and I and I and I and I and I and I,I and I and I and I and I and I and I and I and I and I and I and I and I and I and I and,and I and I and I and I and I and I and I and I and I and I and I and I and I and I and I,with I and I and I and I and I and I and I and I and I and I and I and I and I and I and I,", I and I and I and I and I and I and I and I and I and I and I and I and I and I and I"
The ist ist ist ist ist ist ist ist ist ist ist ist ist ist is,", yt yt yt yt yt yt yt yt yt yt yt yt yt yt y",", yt yt yn yn yn yn yn yn yn yn yn yn yn yn y",", yt yt yt yn yn yn yn yn yn yn yn yn yn yn y",", yt yn yn yn yn yn yn yn yn yn yn yn yn yn y"
country was a country that was a country that was a country that was a country that was a country that was a country that was a country that was,reader to be a traitor and a traitor to be a traitor to be a traitor to be a traitor to be a traitor to be a traitor to be,iah to be a traitor and a traitor to be a traitor to be a traitor to be a traitor to be a traitor to be a traitor to be,was to be a traitor and a traitor and a traitor and a traitor and a traitor and a traitor and a traitor and a traitor and a traitor and,that to be a traitor and a traitor and a traitor and a traitor and a traitor and a traitor and a traitor and a traitor and a traitor and
volume of the volume of the volume of the volume of the volume of the volume of the volume of the volume of the volume of the volume of the,I of the I of the I of the I of the I of the I of the I of the I of the I of the I of the,third of a third of a third of a third of a third of a third of a third of a third of a third of a third of a,third of the volume of the volume of the volume of the volume of the volume of the volume of the volume of the volume of the volume of the,", of the volume of the volume of the volume of the volume of the volume of the volume of the volume of the volume of the volume of the"
He He. He. He. He. He. He. He. He. He. He. He. He. He. He. He,He. He. He. He. He. He. He. He. He. He. He. He. He. He. He.,He He. He. He. He. He. He. He. He He. He. He. He. He. He. He.,He He. He. He. He. He. He. He. He. He He. He. He. He. He. He.,He He. He. He. He. He. He. He He. He. He. He. He. He. He. He.
I I I I I I I I I I I I I I I I I I I I I I I I I I I I I I,I I I I I I I I I I I I I I I I I I I I I I I I I I I I I but,I I I I I I I I I I I I I I I I I I I I I I I I I I I I I during,I I I I I I I I I I I I I I I I I I I I I I I I I I I I but I,I I I I I I I I I I I I I I I I I I I I I I I I I I I I I most
adult and adult and adult and adult and adult and adult and adult and adult and adult and adult and adult and adult and adult and adult and adult and,adult and adult and adult and adult and adult and adult and adult adult and adult and adult and adult and adult and adult and adult and adult and adult,adult and adult and adult and adult and adult and adult adult and adult and adult and adult and adult and adult and adult and adult and adult and adult,adult and adult and adult and adult and adult and adult and adult and adult adult and adult and adult and adult and adult and adult and adult and adult,adult and adult and adult and adult and adult adult and adult and adult and adult and adult and adult and adult and adult and adult and adult and adult
",. g. g. g. g. g. g. g. g. g. g. g. g. g. g.",17 g. 17 g. 17 g. 17 g. 17 g. 17 g. 17 g. 17 g. 17 g. 17 g.,ges ges ges ges ges ges ges ges ges ges ges ges ges ges ges g,Hi. Hi. Hi. Hi. Hi. Hi. Hi. Hi. Hi. Hi. Hi. Hi. Hi. Hi. Hi.,17. 17. 17. 17. 17. 17. 17. 17. 17. 17. 17. 17. 17. 17. 17.
take take take take take take take take take take take take take take take take take take take take take take take take take take take take take take,"take take take take take take take take take take take take take take take take take take take take take take take take take take take take take,",take take take take take take take take take take take take take take take take take take take take take take take take take take take take take shower,take take take take take take take take take take take take take take take take take take take take take take take take shower take take take take take,take take take take take take take take take take take take take take take take take take take take take take shower take take take take take take take
-. The character and the character and the character and the character and the character and the character and the character and the character and the character and the,made the character and the character and the character and the character and the character and the character and the character and the character and the character and the character,character as the character and the character as the character and the character as the character and the character as the character and the character as the character and the,-. The character and the character and the character and the character and character and the character and the character and the character and the character and the character,-. The character and the character and the character and the character and the character and character and the character and the character and the character and the character
game in the game in the game in the game in the game in the game in the game in the game in the game in the game in the,game from the game in the game in the game in the game in the game in the game in the game in the game in the game in the,the from the game in the game in the game in the game in the game in the game in the game in the game in the game in the,thus in the game in the game in the game in the game in the game in the game in the game in the game in the game in the,in in the game in the game in the game in the game in the game in the game in the game in the game in the game in the
Jim and Jim and Jim and Jim and Jim and Jim and Jim and Jim and Jim and Jim and Jim and Jim and Jim and Jim and Jim and,the of the seer of the seer of the seer of the seer of the seer of the seer of the seer of,se of the seer of the seer of the seer of the seer of the seer of the seer of the seer of,and of the seer of the seer of the seer of the seer of the seer of the seer of the seer of,for of the seer of the seer of the seer of the seer of the seer of the seer of the seer of
asonry for construction work was completed by 1870 as work was completed by 1870 as work was completed by 1870 as work was completed by 1870 as work was completed,late as late as June for construction work was completed as late as June for construction work was completed as late as June for construction work was completed as late,asonry for construction work was completed by 1870 as work was completed by 1870 as work was completed as work was completed as work was completed as work was completed,June work was completed by late June as work was completed by late June as work was completed by late June as work was completed by late June as work,was work was completed as late as June for construction work was completed as late as June for construction work was completed as late as June for construction work was
between it is with it is with it is with it is with it is with it is with it is with it is with it is with it is,between it is with it is with it is with it is with it is is with it is with it is with it is with it is with it,between it is with it is with it is with it it is with it is with it is with it is with it is with it is with it,between it is with it is with it is with it is with it is with it is is with it is with it is with it is with it,between it is with it is with it is with it is is with it is with it is with it is with it is with it is with it
dime's V. V. V V V V V V V V V V V V V V V V V V V V V V,dime's V. V. V V V V. V V V V V V V V V V V V V V V V V,dime's V. V. V V V V V. V V V V V V V V V V V V V V V V,dime's V. V. V V V V V V. V V V V V V V V V V V V V V V,dime's V. V. V V V V V V V. V V V V V V V V V V V V V V
3 3 3 3 3 3 3 3 3 3 3 3 3 3 3 3 3 3 3 3 3 3 3 3 3 3 3 3 3 3,2 2 2 2 2 2 2 2 2 2 2 2 2 2 2 2 2 2 2 2 2 2 2 2 2 2 2 2 2 2,3 3 3 3 3 3 3 3 3 3 3 3 3 3 3 3 3 3 3 3 3 3 3 3 3 3 3 3 3 2,3 3 2 2 2 2 2 2 2 2 2 2 2 2 2 2 2 2 2 2 2 2 2 2 2 2 2 2 2 2,3 3 3 3 3 3 3 3 3 3 3 3 3 3 3 3 3 3 3 3 3 3 3 3 3 3 3 2 3 3
Do to find and to find and to find and to find and to find and to find and to find and to find and to find and to find,members and cast members and cast members and cast members and cast members and cast members and cast members and cast members and cast members and cast members and cast,.. to find and to find and to find and to find and to find and to find and to find and to find and to find and to,and to find and to find and to find and to find and to find and to find and to find and to find and to find and to find,for to find and to find and to find and to find and to find and to find and to find and to find and to find and to find
La the ou La the ou La the ou La the ou La the ou La the ou La the ou La the,the ou the ou the ou the ou the ou the ou the ou the ou the ou the ou,ou ou ou ou ou ou ou ou ou ou ou ou ou ou ou o,1960 ou the ou the ou the ou the ou the ou the ou the ou the ou the ou,1970 ou the ou the ou the ou the ou the ou the ou the ou the ou the ou
I I. I. I. I. I. I. I. I. I. I. I. I. I. I. I,. I. I. I. I. I. I. I. I. I. I. I. I. I. I. I,I. I. I. I. I. I. I. I. I. I. I. I. I. I. I.,to I. I. I. I. I. I. I. I. I. I. I. I. I. I. I,I I. I. I. I. I. I. I. I I. I. I. I. I. I. I.
I. I. I. I. I. I. I. I. I. I. I. I. I. I. I.,I and I. I. I. I. I. I. I. I. I. I. I. I. I. I.,I. and I. and I. and I. and I. and I. and I. and I. and I. and I. and,Italian and Italian and Italian and Italian and Italian and Italian and Italian and Italian and Italian and Italian and Italian and Italian and Italian and Italian and Italian and,the I. and I. and I. and I. and I. and I. and I. and I. and I. and I.
bird and the bird and the bird and the bird and the bird and the bird and the bird and the bird and the bird and the bird and the,lead for the lead and the lead and the lead and the lead and the lead and the lead and the lead and the lead and the lead and the,its for the lead and the lead and the lead and the lead and the lead and the lead and the lead and the lead and the lead and the,and for the lead and the lead and the lead and the lead and the lead and the lead and the lead and the lead and the lead and the,its and the bird and the bird and the bird and the bird and the bird and the bird and the bird and the bird and the bird and the
Iraq as Iraq became Iraq as Iraq became Iraq as Iraq became Iraq as Iraq became Iraq as Iraq became Iraq as Iraq became Iraq as Iraq became Iraq as,Wars United for United for United for United for United for United for United for United for United for United for United for United for United for United for United,government United for United for United for United for United for United for United for United for United for United for United for United for United for United for United,Army United for United for United for United for United for United for United for United for United for United for United for United for United for United for United,government for government for government for government for government for government for government for government for government for government for government for government for government for government for government for
a Thea Thea Thea Thea Thea Thea Thea Thea Thea Thea Thea Thea Thea Thea The,it Thea Thea Thea Thea Thea Thea Thea Thea Thea Thea Thea Thea Thea Thea The,hi Thea Thea Thea Thea Thea Thea Thea Thea Thea Thea Thea Thea Thea Thea The,a Thea Thea Thea Thea Thea Thea Thea Thea Thea Thea Thea Thea Thea Thea the,the Thea Thea Thea Thea Thea Thea Thea Thea Thea Thea Thea Thea Thea Thea The
p. p. p. p. p. p. p. p. p. p. p. p. p. p. p.,. a. p. p. p. p. p. p. p. p. p. p. p. p. p. p,ch. p. p. p. p. p. p. p. p. p. p. p. p. p. p.,a. p. p. p. p. p. p. p. p. p. p. p. p. p. p.,p. a. p. p. p. p. p. p. p. p. p. p. p. p. p.
H. H. H. H. H. H. H. H. H. H. H. H. H. H. H.,H H. H. H. H. H. H. H. H. H. H. H. H. H. H. H,. H. H. H. H. H. H. H. H. H. H. H. H. H. H. H,Do I Do that I Do that I Do that I Do that I Do that I Do that I Do that I Do that I Do that I Do,. I. I. I. I. I. I. I. I. I. I. I. I. I. I. I
methods and the methods and the methods and the methods and the methods and the methods and the methods and the methods and the methods and the methods and,methods and methods and the methods and the methods and the methods and the methods and the methods and the methods and the methods and the methods and the,methods and the methods and methods and the methods and the methods and the methods and the methods and the methods and the methods and the methods and the,methods and methods and the methods and methods and the methods and the methods and the methods and the methods and the methods and the methods and the methods,methods and the methods and the methods and methods and the methods and the methods and the methods and the methods and the methods and the methods and the
number the number with the number with the number with the number with the number with the number with the number with the number with the number with the number,number the number with the number with the number number with the number with the number with the number with the number with the number with the number with the,number the number with the number the number the number the number the number the number the number the number the number the number the number the number the number,number the number with the number with the number with the number number with the number with the number with the number with the number with the number with the,number the number with the number with the number with the number with the number with the number with the number with the number with the number number with the
average more than twice more than more than more than twice more than more than twice more than twice more than twice more than twice more than twice more than,average more than twice more than more than twice more than more than twice more than twice more than twice more than twice more than twice more than twice more,average more than twice more than more than more than twice more than more than more than twice more than more than twice more than more than twice more than,average more than twice more than more than twice more than more than twice more than more than twice more than twice more than twice more than twice more than,average more than twice more than more than more than twice more than more than twice more than more than twice more than twice more than twice more than twice
I state that the committee that the committee that the committee that the committee that the committee that the committee that the committee that the committee that the committee that,address the state to the state to the state to the state to the state to the state to the state to the state to the state to the state,I state that the committee that the committee that the committee that the committee that the committee that the committee that the committee that the committee that the committee the,I state that the committee that the committee that the committee that the committee that the committee that the committee that the committee that the committee the committee that the,I state that the committee that the committee that the committee that the committee that the committee that the committee that the committee the committee that the committee that the
. I. I. I. I. I. I. I. I. I. I. I. I. I. I. I,I I and I and I and I and I and I and I and I and I and I and I and I and I and I and I,I and I and I and I and I and I and I and I and I and I and I and I and I and I and I and,. I and I and I and I and I and I and I and I and I and I and I and I and I and I and I,and I and I and I and I and I and I and I and I and I and I and I and I and I and I and I
girl's I was the girl's I was the girl's I was the girl's I was the girl I was the girl ',let's'I was the girl's'I was the girl'I was the girl'I was the girl'I was the girl,the I's to the I's to the I's to the I's to the I's to the I's to,let's'I was the girl's girl'I was the girl'I was the girl'I was the girl'I was the,uel's I's to the I's to the I's to the I's to the I's to the I '
It It It It It It It It It It It It It It It It It It It It It It It It It It It It It It,organized financial assistance organized financial assistance organized financial assistance organized financial assistance organized financial assistance organized financial assistance organized financial assistance organized financial assistance organized financial assistance organized financial assistance,It It It It It It It It It It It It It It It It It It It It It It It It It It It It It 1890,It Ita Ita Ita Ita Ita Ita Ita Ita Ita Ita Ita Ita Ita Ita It,It It It It It It It It It It It It It It It It It It It It It It It It It It It It It financial
Over and Over and Over and Over and Over and Over and Over and Over and Over and Over and Over and Over and Over and Over and Over and,technology of technology and technology of technology and technology of technology and technology of technology and technology of technology and technology of technology and technology of technology and technology of,technology of technology and technology of technology of technology of technology of technology of technology of technology of technology of technology of technology of technology of technology of technology of,technology and technology of technology and technology of technology and technology of technology and technology of technology and technology of technology and technology of technology and technology of technology and,technology and technology and technology and technology and technology and technology and technology and technology and technology and technology and technology and technology and technology and technology and technology and
ita a.a. a.a. a.a. a.a. a.a. a.a. a.a. a,ita a.a.a. a.a. a.a. a.a. a.a. a.a. a.a,a a.a. a.a. a.a. a.a. a.a. a.a. a.a. a,ita a.a. a.a. a.a. a.a. a.a. a.a. a.a.a,a. a. a. a. a. a. a. a. a. a. a. a. a. a. a.
Her. Her. Her. Her. Her. Her. Her. Her. Her. Her. Her. Her. Her. Her. Her.,produced. produced. produced. produced. produced. produced. produced. produced. produced. produced. produced. produced. produced. produced. produced.,produced engine produced engine produced engine produced engine produced engine produced engine produced engine produced engine produced engine produced engine produced engine produced engine produced engine produced engine produced engine,Her. Her. Her. Her. Her. Her. Her. Her Her. Her. Her. Her. Her. Her. Her. Her,Her. Her. Her. Her. Her. Her. Her. Her. Her Her. Her. Her. Her. Her. Her. Her
properties properties and properties and properties and properties and properties and properties and properties and properties and properties and properties and properties and properties and properties and properties and properties,gas and gas and gas and gas and gas and gas and gas and gas and gas and gas and gas and gas and gas and gas and gas and,data and more data and more data and more data and more data and more data and more data and more data and more data and more data and more,properties and gas and gas and gas and gas and gas and gas and gas and gas and gas and gas and gas and gas and gas and gas and,ium and mercury and mercury and mercury and mercury and mercury and mercury and mercury and mercury and mercury and mercury and mercury and mercury and mercury and mercury and
features of some features of some features of some features of some features of some features of some features of some features of some features of some features of some,features of some features of some features of some features of some features of some features of some features of some features of some features of some features of features,features of some features of some features of some features of some features of some features of some features of some features of some features of features of some features,features of some features of some features of some features of some features of some features of some features of some features of features of some features of some features,features of some features of some features of some features of some features of some features of some features of features of some features of some features of some features
1998 in 1998 in 1998 in 1998 in 1998 in 1998 in 1998 in 1998 in 1998 in 1998 in 1998 in 1998 in 1998 in 1998 in 1998 in,I in 1998 in 1998 in 1998 in 1998 in 1998 in 1998 in 1998 in 1998 in 1998 in 1998 in 1998 in 1998 in 1998 in 1998 in,in in 1998 in 1998 in 1998 in 1998 in 1998 in 1998 in 1998 in 1998 in 1998 in 1998 in 1998 in 1998 in 1998 in 1998 in,II in 1998 in 1998 in 1998 in 1998 in 1998 in 1998 in 1998 in 1998 in 1998 in 1998 in 1998 in 1998 in 1998 in 1998,Hi Hi Hi Hi HiI HiI HiI HiI HiI HiI HiI HiI HiI HiI HiI HiI HiI
on one on one on one on one on one on one on one on one on one on one on one on one on one on one on one,that one on one on one on one on one on one on one on one on one on one on one on one on one on one on one,. that one on one on one on one on one on one on one on one on one on one on one on one on one on one on,. on that one on that one on that one on that one on that one on that one on that one on that one on that one on that,that one on one on one on that one on that one on that one on that one on that one on that one on that one on that one
four's fours fours fours fours fours fours fours fours fours fours fours fours fours four,four's fours fours fours fours fours fours fours fours fours fours fours fours fours ',four's fours fours fours fours fours fours fours fours fours fours's fours fours four,team's team's team team's team's team's team's team's team's team's team ',Are team's team's team's team's team's team's team's team's team's team '
released. released. released. released. released. released. released. released. released. released. released. released. released. released. released.,2004. released. released. released. released. released. released. released. released. released. released. released. released. released. released.,Hi Hi. Hi. Hi. Hi. Hi. Hi. Hi. Hi. Hi. Hi. Hi. Hi. Hi. Hi. Hi,2004. 2004. 2004. 2004. 2004. 2004. 2004. 2004. 2004. 2004. 2004. 2004. 2004. 2004. 2004.,2004. released 2004. released 2004. released 2004. released 2004. released 2004. released 2004. released 2004. released 2004. released 2004. released
Nothing. Nothing. Nothing. Nothing. Nothing. Nothing. Nothing. Nothing. Nothing. Nothing. Nothing. Nothing. Nothing. Nothing. Nothing.,Nothing. Nothing. Nothing. Nothing. Nothing. Nothing. Nothing Nothing. Nothing. Nothing. Nothing. Nothing. Nothing. Nothing. Nothing. Nothing,Nothing. Nothing. Nothing. Nothing. Nothing Nothing. Nothing. Nothing. Nothing. Nothing. Nothing. Nothing. Nothing. Nothing. Nothing. Nothing,Nothing. Nothing. Nothing. Nothing. Nothing. Nothing. Nothing. Nothing. Nothing Nothing. Nothing. Nothing. Nothing. Nothing. Nothing. Nothing,Nothing. Nothing. Nothing. Nothing. Nothing. Nothing. Nothing. Nothing. Nothing. Nothing Nothing. Nothing. Nothing. Nothing. Nothing. Nothing
after by public protest after public protest after public protest after public protest after public protest after public protest after public protest after public protest after public protest after public,Theininin Theinin Thein Thein Thein Thein Thein Thein Thein Thein Thein Thein Thein The,Theininin Theininin Theininin Theininin Theininin Theininin Theininin Thein,Theininin Theinin Theinin Thein Thein Thein Thein Thein Thein Thein Thein Thein Thein,Theininin Theininin Theininin Theininin Theininin Theininin Theinininin The
RE the sea to the sea to the sea to the sea to the sea to the sea to the sea to the sea to the sea to the sea,sea to the sea to the sea to the sea to the sea to the sea to the sea to the sea to the sea to the sea to the,the to the sea to the sea to the sea to the sea to the sea to the sea to the sea to the sea to the sea to the,to the sea to the sea to the sea to the sea to the sea to the sea to the sea to the sea to the sea to the sea,O to the sea to the sea to the sea to the sea to the sea to the sea to the sea to the sea to the sea to the
additional bridges that connect bridges that connect bridges that connect bridges that connect bridges that connect bridges that connect bridges that connect bridges that connect bridges that connect bridges,name have been his name that have been his name that have been his name that have been his name that have been his name that have been his name,since have been his name that have been his name that have been his name that have been his name that have been his name that have been his name,anned have been his name that have been his name that have been his name that have been his name that have been his name that have been his name,that have since been his name that have been his name that have been his name that have been his name that have been his name that have been his
hospital in the hospital in the hospital in the hospital in the hospital in the hospital in the hospital in the hospital in the hospital in the hospital in the,was in the hospital in the hospital in the hospital in the hospital in the hospital in the hospital in the hospital in the hospital in the hospital in the,hospital at the hospital in the hospital in the hospital in the hospital in the hospital in the hospital in the hospital in the hospital in the hospital in the,was at the hospital in the hospital in the hospital in the hospital in the hospital in the hospital in the hospital in the hospital in the hospital in the,the at the hospital in the hospital in the hospital in the hospital in the hospital in the hospital in the hospital in the hospital in the hospital in the
bag and the bag and the bag and the bag and the bag and the bag and the bag and the bag and the bag and the bag and the,bag bag and the bag and the bag and the bag and the bag and the bag and the bag and the bag and the bag and the bag and,bag the bag and the bag and the bag and the bag and the bag and the bag and the bag and the bag and the bag and the bag,and and the bag and the bag and the bag and the bag and the bag and the bag and the bag and the bag and the bag and the,bag and the bag and the bag and the bag and the bag and the bag and the bag and bag and the bag and the bag and the bag
