the,in,for,he,The,will,year,some,years,But,official,events,ban,sports,lifted
the,in,for,he,The,will,year,some,years,But,official,events,ban,sports,lifted
for,it,ath,says,doesn,control,students,quality,education,student,NCAA
a,the,in,at,N,about,under,ters,post,news,player,conference,mut,word,game,breath,Wisconsin,retirement,Kentucky
a,the,an,for,'s,un,her,self,says,playing,Hill,coach,college,angel,Afternoon
will,they,say,against,night,Wednesday,nor,neither,ille,aver,awks,unders,oine,Harrison,Sefolosha,Thabo,Pero,Antic
the,from,lead,2015,fall,starts,Both,holds,Strong,Masters,Woods,Jordan,Spieth,McIlroy,England
a,of,for,he,as,later,aud,Ben,Prime,earned,Tony,fame,Abbott,cricket,broadcaster,nington,Hernandez
of,and,on,'s,no,stand,name,pun,contained,Liverpool,Tweet,publicity,Kop,itsch,stunts,Italy
the,in,1,from,all,three,once,goal,Aaron,secured,Ramsey,Andrew,EPL,Burnley
of,in,I,'s,are,not,his,but,so,found,yet,death,murder,troubles,Odin,Lloyd,Hernandez
a,the,of,on,by,one,would,team,attack,video,University,Washington,Congress,caught,flying,attacked,owing,Member,carp
2,6,the,to,in,from,iv,Donald,iano,gifts,Sterling
the,and,ut,was,says,lot,significant,iment,ki,injury,dis,exper,ienced,Sefolosha,Thabo
he,it,because,say,course,frequ,Open,banned,Tournament,Dubai,Chess,Officials,Nigalidze,Gaioz
a,from,him,after,players,requires,rian,assault,NFL,suspended,Commissioner,Roger,Peterson,reckless,misdemeanor,pleading,Reggie,Goodell
the,of,in,is,with,who,since,involved,2008,sport,reportedly,Kings
m,on,ry,itt,br,popular,chen,hashtag,Britt,Henry,McIlroy
the,an,ist,his,had,just,around,days,China,ride,cycle,stolen,epic,completing,Wang,manages,Pero,Cyclist,Pingan
a,ess,That,National,reports,Air,Board,plane,rence,Safety,Ward,crashed,Transportation,Coach,414,Chris,Torrey
the,in,is,'s,first,case,charged,murder,deliber,jury,Massachusetts,degree,Hernandez
in,on,into,start,last,second,China,ushed,pole,teammate,Pero,Rosberg
in,and,for,by,were,under,New,used,game,why,provided,England,corruption,balls,championship,Patriots,Italy
in,down,three,year,ste,Sunday,ams,aks,72,ounce,scar,fed,Schuyler,Amarillo
the,to,and,I,for,but,time,right,find,life,player,watch,guilty,waste,anne,Hernandez,Jury,Andrew
a,in,is,was,or,which,whether,involved,Jones,confirm,injured,crash,pregnant
the,about,were,part,says,took,100,50,More,Bay,Guard,Mobile,sail,rescued,boats
to,'s,was,has,who,want,between,friends,ino,Mach,tickets,historic,Las,800,iao,900,oter,Manny,Pacquiao
a,the,an,'s,up,set,between,Trump,exec,ino,TV,meeting,initial,Mach,ito,riel,trainer,Salvador,Manny,Pacquiao
to,and,he,ity,power,control,When,movement,balance,Jordan,enhance,demonstrated,swing,fluid,golf,Masters,optimal,Spieth
the,to,in,for,at,claims,Chinese,beat,victory,Grand,Silver,Hamilton,medal,ruined,Prix,Nico,Lewis,Arrows,Rosberg
the,has,part,took,2015,Red,Boston,phy,kel,aic,dy,stro,Marathon,muscular,Melamed
to,in,his,has,long,time,star,term,Kim,girlfriend,Andy,wed,Sears,Dunblane
a,to,in,this,but,see,fight,enge,tune,Jonathan,Mayweather,Millions,Gottschall,Pacquiao
the,on,also,should,game,past,amer,Hall,closed,leads,door,Baltimore,tweets,unrest,Fame,Orioles,postponed,Frank
the,I,was,has,which,boy,led,title,Frank,Sin,birthday,inski,1941,Justise,Kaminsky
0,5,4,7,wins,Masters,Monte,Carlo,Defeats,Berdych
ing,to,of,two,game,players,due,third,Now,caused,planned,Baltimore,White,riot,Bass,postp,Orioles,onement
a,an,to,and,ic,ort,his,had,ys,open,heart,2011,Green,Jeff,surgery,repair,eur,Achilles
by,group,friends,inspired,Nation,Moore,Bit,participant,Fit,thats,Erica
p,of,on,for,1,v,million,online,sale,stake,180,Majority,Mayweather,Pacquiao
to,ac,as,The,oc,up,aster,local,idea,fans,eat,excited,flying,annon,trends,Omaha,tacos
j,in,'s,ard,age,world,player,leading,remains,dress,contest,champion,Vegas,beating,Charlotte,rider,Dubai
to,trans,class,complete,fans,80,trip,Las,human,orses,luxury,business,1938,atlantic
the,of,as,ha,his,him,well,made,second,display,brother,biggest,ils,kid,Ice,younger,supporter,cool,sibling,autistic,Spieth
and,'s,have,The,K,been,man,ins,already,times,six,berg,lawyer,exposed,rejected,false,accusations
a,to,and,is,with,ex,also,star,New,England,charged,murder,guilty,Zealand,Aaron,Patriots
1,b,a,in,j,win,National,shot,League,Many,Second,Grand,row,wins,ockey,Fighter,Slam,ighton,Clouds,Leetch,Aspell
is,to,v,by,his,set,world,above,aul,plant,pole,eighth,soaring,Armand,Dubai
e,f,in,by,ra,au,und,game,player,broke,iger,champion,chess,marathon,Thabo,Onakoya
a,to,for,'s,with,at,women,break,expected,London,starting,participants,Children,elite,aiming,runners,Marathon
the,an,of,that,after,because,fin,three,investigation,revealed,African,Beijing,Half,runners,Marathon,ishers,disqualified
the,and,'s,with,rel,officials,fans,potentially,Arizona,NHL,Utah,rumors,discusses,ocating,Coyotes
new,men,season,announced,Paris,Maybe,roster,basketball,Olympics,2024
the,in,and,is,that,for,his,just,into,want,didn,fit,Team,USA,expressed,Paris,NBA,roster,Irving,2024
with,at,over,US,win,year,six,losing,match,Qatar,snapped,Muller,Sefolosha,Alexandre
1,a,to,of,'s,has,run,record,led,management,winning,44,game,abi,Alonso,Bayer,unbeaten,Leverkusen
a,the,in,with,against,due,draw,quarter,Champions,secured,final,Munich,heightened,Bayern,finals
is,'s,The,private,Michael,Florida,legend,jet,golf,asketball,ultra,Grove,paradise,Lawsuit,XXIII
the,in,is,his,cl,during,ari,erc,driver,winning,talent,Charles,err,racing,esports,showcasing,lockdown,Leetch,Guandong
to,and,for,'s,um,are,from,up,going,One,Michael,collection,legend,luxury,auction,watches,Formula,mitt,personalized,Eight,EPL,Schuyler
y,the,at,has,White,center,died,manager,92,Herzog
to,as,was,team,future,questions,loss,Cleveland,Kings,raises,Warriors,Sacramento
the,in,for,'s,창칙,out,first,team,women,games,final,rated
for,James,draft,declares,2024,Hernandez,Bronny
",",.,:,the,in,for,he,The,will,year,some,.,years,But,official,events,ban,sports,lifted
.,for,it,.,ath,says,doesn,control,students,quality,education,student,NCAA
-,.,a,the,in,at,N,about,under,ters,post,news,player,conference,mut,word,game,breath,Wisconsin,retirement,Kentucky
"""",a,the,an,for,'s,"""",un,her,self,says,playing,Hill,coach,college,angel,Afternoon
will,they,say,against,night,Wednesday,nor,neither,ille,aver,awks,unders,oine,Harrison,Sefolosha,Thabo,Pero,Antic
",",.,:,the,in,for,he,The,will,year,some,.,years,But,official,events,ban,sports,lifted
.,for,it,.,ath,says,doesn,control,students,quality,education,student,NCAA
-,.,a,the,in,at,N,about,under,ters,post,news,player,conference,mut,word,game,breath,Wisconsin,retirement,Kentucky
"""",a,the,an,for,'s,"""",un,her,self,says,playing,Hill,coach,college,angel,Afternoon
will,they,say,against,night,Wednesday,nor,neither,ille,aver,awks,unders,oine,Harrison,Sefolosha,Thabo,Pero,Antic
the,from,.,lead,2015,fall,starts,Both,holds,Strong,Masters,Woods,Jordan,Spieth,McIlroy,England
",",a,of,for,he,as,$,.,later,aud,Ben,Prime,earned,Tony,fame,Abbott,cricket,broadcaster,nington,Hernandez
",",-,of,and,on,'s,no,.,stand,name,pun,contained,Liverpool,Tweet,publicity,Kop,itsch,stunts,Italy
the,in,1,from,all,.,three,once,goal,Aaron,secured,Ramsey,Andrew,EPL,Burnley
of,in,I,'s,are,not,his,but,so,.,found,yet,death,murder,troubles,Odin,Lloyd,Hernandez
?,a,the,of,on,by,one,would,.,team,attack,video,University,Washington,Congress,caught,flying,attacked,owing,Member,carp
.,2,6,the,to,in,from,iv,$,.,Donald,iano,gifts,Sterling
"""",.,the,and,ut,"""",was,says,lot,significant,...,iment,ki,injury,dis,exper,ienced,Sefolosha,Thabo
he,it,.,because,say,course,frequ,Open,banned,Tournament,Dubai,Chess,Officials,Nigalidze,Gaioz
a,from,him,after,.,players,requires,rian,assault,NFL,suspended,Commissioner,Roger,Peterson,reckless,misdemeanor,pleading,Reggie,Goodell
the,of,in,is,with,who,since,involved,2008,sport,reportedly,Kings
m,on,ry,itt,.,br,popular,chen,hashtag,Britt,Henry,McIlroy
the,an,ist,his,had,just,.,around,days,China,ride,cycle,stolen,epic,completing,Wang,manages,Pero,Cyclist,Pingan
",",a,(,ess,.,That,National,reports,Air,Board,plane,rence,Safety,Ward,crashed,Transportation,Coach,414,Chris,Torrey
",",the,in,is,'s,first,.,case,charged,murder,deliber,jury,Massachusetts,degree,Hernandez
in,on,into,.,start,last,second,China,ushed,pole,teammate,Pero,Rosberg
in,and,for,by,were,under,.,New,used,game,why,provided,England,corruption,balls,championship,Patriots,Italy
in,down,three,year,ste,Sunday,ams,aks,72,ounce,scar,fed,Schuyler,Amarillo
",",:,the,to,and,I,for,but,time,right,find,life,player,watch,guilty,waste,anne,Hernandez,Jury,Andrew
",",a,in,is,was,or,which,.,whether,involved,Jones,confirm,injured,crash,pregnant
the,about,were,part,.,says,took,100,50,More,Bay,Guard,Mobile,sail,rescued,boats
.,:,to,'s,was,has,who,want,between,friends,ino,Mach,tickets,historic,Las,800,iao,900,oter,Manny,Pacquiao
a,the,an,'s,up,.,set,between,Trump,exec,ino,TV,meeting,initial,Mach,ito,riel,trainer,Salvador,Manny,Pacquiao
to,and,he,ity,.,power,control,When,movement,balance,Jordan,enhance,demonstrated,swing,fluid,golf,Masters,optimal,Spieth
the,to,in,for,at,.,claims,Chinese,beat,victory,Grand,Silver,Hamilton,medal,ruined,Prix,Nico,Lewis,Arrows,Rosberg
",",the,has,part,took,2015,Red,Boston,phy,kel,aic,dy,stro,Marathon,muscular,Melamed
",",to,in,his,has,long,time,star,term,Kim,girlfriend,Andy,wed,Sears,Dunblane
",",-,.,:,a,to,in,this,but,see,fight,enge,tune,Jonathan,Mayweather,Millions,Gottschall,Pacquiao
-,the,on,also,.,should,game,past,amer,Hall,closed,leads,door,Baltimore,tweets,unrest,Fame,Orioles,postponed,Frank
.,the,I,was,has,which,.,boy,led,title,Frank,Sin,birthday,inski,1941,Justise,Kaminsky
",",.,0,5,-,4,.,7,wins,Masters,Monte,Carlo,Defeats,Berdych
-,.,ing,to,of,two,game,players,due,third,Now,caused,planned,Baltimore,White,riot,Bass,postp,Orioles,onement
a,an,to,and,ic,ort,his,had,ys,open,heart,2011,Green,Jeff,surgery,repair,eur,Achilles
.,by,.,group,friends,inspired,Nation,Moore,Bit,participant,Fit,thats,Erica
",",.,p,of,on,for,1,v,.,million,online,sale,stake,180,Majority,Mayweather,Pacquiao
#,to,ac,as,The,oc,up,.,aster,local,idea,fans,eat,excited,flying,annon,trends,Omaha,tacos
.,j,in,'s,ard,age,.,world,player,leading,remains,dress,contest,champion,Vegas,beating,Charlotte,rider,Dubai
",",to,',.,trans,class,complete,fans,80,trip,Las,human,orses,luxury,business,1938,atlantic
!,-,the,of,as,ha,his,him,.,well,made,second,display,brother,biggest,ils,kid,Ice,younger,supporter,cool,sibling,autistic,Spieth
"""",:,and,'s,"""",have,The,K,been,man,ins,already,times,six,berg,lawyer,exposed,rejected,false,accusations
a,to,and,is,with,ex,also,.,star,New,England,charged,murder,guilty,Zealand,Aaron,Patriots
.,1,b,a,in,j,.,win,National,shot,League,Many,Second,Grand,row,wins,ockey,Fighter,Slam,ighton,Clouds,Leetch,Aspell
is,to,v,by,his,set,world,above,aul,plant,pole,eighth,soaring,Armand,Dubai
e,f,in,by,ra,au,und,game,player,broke,iger,champion,chess,marathon,Thabo,Onakoya
a,to,for,'s,with,at,women,break,expected,London,starting,participants,Children,elite,aiming,runners,Marathon
the,an,of,that,after,because,fin,three,investigation,revealed,African,Beijing,Half,runners,Marathon,ishers,disqualified
",",.,the,and,'s,with,rel,officials,fans,potentially,Arizona,NHL,Utah,rumors,discusses,ocating,Coyotes
new,men,season,announced,Paris,Maybe,roster,basketball,Olympics,2024
.,the,in,and,is,that,for,his,just,into,want,didn,fit,Team,USA,expressed,Paris,NBA,roster,Irving,2024
.,with,at,over,US,win,year,six,losing,match,Qatar,snapped,Muller,Sefolosha,Alexandre
",",-,.,1,a,to,of,'s,has,run,record,led,management,winning,44,game,abi,Alonso,Bayer,unbeaten,Leverkusen
",",.,a,the,in,with,against,due,draw,quarter,Champions,secured,final,Munich,heightened,Bayern,finals
",",-,.,is,'s,The,private,Michael,Florida,legend,jet,golf,asketball,ultra,Grove,paradise,Lawsuit,XXIII
",",the,in,is,his,cl,during,ari,erc,driver,winning,talent,Charles,err,racing,esports,showcasing,lockdown,Leetch,Guandong
.,to,and,for,'s,um,are,from,up,going,One,Michael,collection,legend,luxury,auction,watches,Formula,mitt,personalized,Eight,EPL,Schuyler
",",.,y,the,at,has,White,center,died,manager,92,Herzog
",",to,as,was,team,future,questions,loss,Cleveland,Kings,raises,Warriors,Sacramento
the,in,for,'s,창칙,out,first,team,women,games,final,rated
",",.,for,James,draft,declares,2024,Hernandez,Bronny
