",",.,:,the,in,for,he,The,will,year,some,.,years,But,official,events,ban,sports,lifted
.,for,it,.,ath,says,doesn,control,students,quality,education,student,NCAA
-,.,a,the,in,at,N,about,under,ters,post,news,player,conference,mut,word,game,breath,Wisconsin,retirement,Kentucky
"""",a,the,an,for,'s,"""",un,her,self,says,After,playing,Hill,coach,college,angel
ol,os,will,they,ef,say,against,night,ha,Wednesday,nor,neither,ille,aver,unders,oine,Hawks,HS,Thabo,Pero,Antic
the,from,.,lead,2015,Mc,fall,En,starts,Both,holds,Strong,Masters,Woods,Il,Jordan,Spieth
",",a,of,for,he,as,He,$,.,later,aud,Ben,Prime,earned,Tony,fame,Abbott,cricket,broadcaster,nington
",",-,of,and,on,'s,It,no,.,stand,name,pun,contained,Liverpool,Tweet,publicity,Kop,itsch,stunts
the,in,A,1,E,from,all,.,three,once,goal,Burn,Aaron,secured,Ramsey
of,in,I,'s,are,not,his,but,so,He,.,found,yet,death,murder,troubles,Odin,Lloyd
?,a,the,of,on,by,one,would,.,team,attack,video,University,Washington,Congress,caught,flying,attacked,owing,Member,carp
.,2,6,the,to,in,from,iv,$,.,Donald,iano,gifts,Sterling
"""",.,a,the,and,S,ut,ol,"""",was,os,Th,ef,says,lot,significant,...,ha,iment,ki,injury,dis,exper,ienced,abo
he,it,.,because,say,course,frequ,Open,banned,Tournament,Dubai,Chess,Officials,Ga,Nigalidze
a,from,him,after,.,players,requires,rian,assault,NFL,suspended,Commissioner,Roger,Peterson,reckless,misdemeanor,pleading,Reggie,Goodell
the,of,in,is,with,who,since,involved,2008,sport,reportedly,Kings
m,I,on,ry,itt,.,br,popular,chen,hashtag,Britt,McHenry
a,the,an,an,P,ist,his,had,just,.,around,days,China,ride,cycle,stolen,epic,completing,Wang,manages,Cy,Ping
",",a,C,(,ess,.,That,National,reports,Air,Board,plane,rence,Safety,Ward,crashed,Transportation,Coach,414,Torrey
",",the,in,is,'s,first,.,case,charged,murder,deliber,jury,Massachusetts,degree,Hernandez
in,on,P,into,.,start,last,second,China,ushed,Ros,pole,teammate
in,and,for,by,were,It,under,.,New,used,game,why,provided,England,corruption,balls,championship,Patriots
in,down,three,year,ste,Sunday,ams,aks,72,ounce,scar,fed,Amar,Schuyler
",",:,the,to,and,I,A,for,but,time,right,find,life,player,watch,guilty,waste,anne,Hernandez,Jury
",",a,in,is,was,or,which,.,whether,involved,Jones,confirm,injured,crash,pregnant
the,about,were,part,.,says,took,100,50,More,Bay,Guard,Mobile,sail,rescued,boats
.,:,to,'s,was,has,who,want,between,friends,ino,Pac,Mach,tickets,historic,Las,800,iao,900,oter,Manny
a,the,an,'s,up,.,set,between,Trump,exec,ino,TV,meeting,initial,Mach,ito,riel,trainer,Salvador,Manny,Pacquiao
to,and,he,ity,.,power,control,When,movement,balance,Jordan,enhance,demonstrated,swing,fluid,golf,Masters,optimal,Spieth
the,to,in,for,at,.,claims,Chinese,beat,victory,Grand,Silver,Ros,Hamilton,medal,ruined,Prix,Nico,Lewis,Arrows
",",a,the,has,part,took,2015,Red,amed,Mel,Boston,phy,kel,aic,dy,stro,Marathon,muscular
",",to,in,his,has,long,time,star,term,Kim,girlfriend,Andy,wed,Sears,Dunblane
",",-,.,:,a,to,in,qu,this,but,see,fight,enge,tune,Pac,Jonathan,Mayweather,Millions,Gottschall
-,the,on,also,.,should,game,past,Hall,closed,leads,door,Baltimore,tweets,unrest,Fame,Orioles,postponed,Famer
.,the,I,was,has,which,.,Just,boy,led,title,Frank,Sin,birthday,inski,1941,Kaminsky
",",.,0,5,-,4,.,7,wins,Masters,Monte,Carlo,Defeats,Berdych
-,.,ing,to,of,two,game,players,due,third,Now,caused,planned,Baltimore,White,riot,Bass,postp,Orioles,onement
a,an,to,and,ic,ort,his,had,ys,open,heart,2011,Green,Jeff,surgery,repair,eur,Achilles
.,by,.,group,friends,inspired,Nation,Moore,Bit,participant,Fit,thats,Erica
",",.,p,of,on,for,1,v,qu,.,million,online,sale,Pac,stake,180,Majority,Mayweather
#,to,ac,as,The,oc,up,.,aster,local,idea,fans,eat,excited,flying,annon,trends,Omaha,tacos
.,'s,age,.,world,player,leading,remains,dress,contest,champion,Vegas,beating,Charlotte,rider,Dujardin
",",to,',.,trans,class,complete,fans,80,trip,Las,human,orses,luxury,business,1938,atlantic
!,-,the,of,as,ha,his,him,.,well,made,second,display,brother,biggest,ils,kid,Ice,younger,supporter,cool,sibling,autistic,Spieth
"""",:,and,'s,"""",have,The,K,been,man,ins,already,times,six,berg,lawyer,exposed,rejected,false,accusations
a,to,and,is,with,ex,also,.,star,New,England,charged,murder,guilty,Zealand,Aaron,Patriots
.,1,b,a,in,j,.,As,win,National,shot,League,Many,Second,Grand,row,wins,ockey,Fighter,Slam,Clouds,Leighton
to,v,by,his,set,world,above,aul,pole,eighth,soaring,Armand,Duplantis
e,f,in,T,by,ra,ak,au,und,game,On,player,broke,iger,champion,chess,marathon,oya
a,to,for,'s,with,at,women,break,expected,London,starting,participants,Children,elite,aiming,runners,Marathon
the,an,of,that,after,because,fin,three,investigation,revealed,African,Beijing,Half,runners,Marathon,ishers,disqualified
",",.,the,and,'s,with,rel,officials,fans,potentially,Arizona,NHL,Utah,rumors,discusses,ocating,Coyotes
new,men,season,announced,Paris,Maybe,roster,basketball,Olympics,2024
.,the,in,and,is,that,for,his,just,into,want,didn,fit,Team,USA,expressed,Paris,NBA,roster,Irving,2024
.,with,at,over,Se,US,win,year,six,losing,match,Qatar,snapped,Muller,Alexandre
",",-,.,1,a,to,of,'s,has,run,record,led,management,winning,44,game,abi,Alonso,Bayer,unbeaten,Leverkusen
",",.,a,the,in,with,against,due,draw,quarter,Champions,secured,final,Munich,heightened,Bayern,finals
",",-,is,'s,The,private,Michael,Florida,legend,jet,golf,asketball,ultra,Grove,paradise,L.,XXIII
",",the,in,is,his,during,Gu,ari,driver,winning,talent,Charles,err,racing,esports,showcasing,lockdown,Leclerc
.,to,and,for,'s,um,are,E,from,up,going,One,Sch,Michael,collection,legend,luxury,auction,watches,Formula,mitt,personalized,Eight
",",.,y,the,at,has,White,center,died,manager,92,Herzog
",",to,as,was,team,future,questions,loss,Cleveland,Kings,raises,Warriors,Sacramento
the,in,for,'s,âĢ,out,first,team,women,games,final,rated
",",.,for,He,James,draft,Bron,declares,2024
