"The some , the official in he sports for years . The official in he sports for the years . But he will for the year , But he will for the in events year : The ban lifted in","The some , the official in he sports for years . The official in he sports for the years . But he will for the year , But he will for the in events year : The ban lifted some","The some , the official in he sports for years . The official in he sports for the years . But he will for the year , But he will for the in events year : The ban will in","The some , the official in he sports for years . The official in he sports for the years . But he will for the year , But he will for the in events year : The ban lifted But","The some , the official in he sports for years . The official in he sports for the years . But he will for the year , But he will for the in events year : The ban some will"
NCAA it for education . student says quality control for students . student says it quality control for students education it doesn ath for NCAA it doesn ath doesn doesn,NCAA it for education . student says quality control for students . student says it quality control for students education it doesn ath NCAA for it doesn ath doesn doesn,NCAA it for education . student says quality control for students . student says it quality control for students education it doesn NCAA for it doesn ath doesn ath doesn,NCAA it for education . student says quality control for students . student says it quality control for students education it doesn ath NCAA for it ath doesn doesn doesn,NCAA it for education . student says quality control for students . student says it quality control for students education it doesn ath for NCAA it ath doesn doesn doesn
N a player in the word about - N a player in the word about - a game at the post retirement conference about a game at the post retirement conference about in at . under breath Wisconsin news in,N a player in the word about - N a player in the word about - a game at the post retirement conference about a game at the post retirement conference about in at . under Wisconsin news breath in,N a player in the word about - N a player in the word about - a game at the post retirement conference about a game at the post retirement conference about in at . under breath mut news in,N a player in the word about - N a player in the word about - a game at the post retirement conference about a game at the post retirement conference about in at . under breath Wisconsin Kent in,N a player in the word about - N a player in the word about - a game at the post retirement conference about a game at the post retirement conference about in at . under breath Wisconsin Kent mut
"After for her playing a "" college 's coach says her playing for a college 's coach says her for a self After the angel her for a self After the angel Hill an "" After the Hill an un","After for her playing a "" college 's coach says her playing for a college 's coach says her for a self After the angel her for a self After the angel Hill an un "" After the Hill an","After for her playing a "" college 's coach says her playing for a college 's coach says her for a self After the angel her for a self After the angel Hill an "" un After the Hill an","After for her playing a "" college 's coach says her playing for a college 's coach says her for a self After the angel her for a self After the angel Hill an un "" After the an un","After for her playing a "" college 's coach says her playing for a college 's coach says her for a self After the angel her for a self After the angel Hill an un "" After the Hill un"
H ha they say neither will S o H they say nor unders S o neither will they ha ef S awks nor will they Th o ef S awks nor will Th oine abo night unders nor o against,H ha they say neither will S o H they say nor unders S o neither will they ha ef S awks nor will they Th o ef S awks nor will Th oine abo night unders nor o Per,H ha they say neither will S o H they say nor unders S o neither will they ha ef S awks nor will they Th ef S awks nor will o Th abo night unders nor oine o against,H ha they say neither will S o H they say nor unders S o neither will they ha ef S awks nor will they Th o ef S awks nor will Th oine abo o against nor unders ol,H ha they say neither will S o H they say nor unders S o neither will they ha ef S awks nor will they Th o ef S awks nor will Th oine abo night unders nor o ic
Sp from the fall 2015 . Strong starts from the fall 2015 . Mc Strong starts from the lead Both Jordan Mc En Woods holds the lead Both from Jordan En Woods holds Sp Il ieth Both Masters Both ieth,Sp from the fall 2015 . Strong starts from the fall 2015 . Mc Strong starts from the lead Both Jordan Mc En Woods holds the lead Both from Jordan En Woods holds Sp Il ieth Both Masters Both Il,Sp from the fall 2015 . Strong starts from the fall 2015 . Mc Strong starts from the lead Both Jordan Mc En Woods holds the lead Both from Jordan En Woods holds Sp Il ieth Both Masters Il ieth,Sp from the fall 2015 . Strong starts from the fall 2015 . Mc Strong starts from the lead Both Jordan Mc En Woods holds the lead Both from Jordan En Woods holds Sp Il ieth Both Masters Masters Il,Sp from the fall 2015 . Strong starts from the fall 2015 . Mc Strong starts from the lead Both Jordan Mc En Woods holds the lead Both from Jordan En Woods holds Sp Il ieth Both Masters Masters ieth
"He , he earned a fame of He , he earned a fame of later for he . He as a broadcaster for Ben . He as a broadcaster for Ben later he as Tony Abbott of cricket for Prime","He , he earned a fame of He , he earned a fame of later for he . He as a broadcaster for Ben . He as a broadcaster for Ben later he as Tony Abbott of cricket for $","He , he earned a fame of He , he earned a fame of later for he . He as a broadcaster for Ben . He as a broadcaster for Ben later he as Tony Abbott of cricket for aud","He , he earned a fame of He , he earned a fame of later for he . He as a broadcaster for Ben . He as a broadcaster for Ben later he as Tony Abbott Prime for $ cricket","He , he earned a fame of He , he earned a fame of later for he . He as a broadcaster for Ben . He as a broadcaster for Ben later he as Tony Abbott Prime for $ aud"
"It 's name , and no of It 's name , and no on of It - stand and no on of It - stand and no on of pun . contained publicity stunts on itsch Liverpool . contained pun","It 's name , and no of It 's name , and no on of It - stand and no on of It - stand and no on of pun . contained publicity stunts on itsch Liverpool . contained publicity","It 's name , and no of It 's name , and no on of It - stand and no on of It - stand and no on of pun . contained publicity stunts on itsch pun . contained publicity","It 's name , and no of It 's name , and no on of It - stand and no on of It - stand and no on of pun . contained publicity stunts on itsch Liverpool Tweet . contained","It 's name , and no of It 's name , and no on of It - stand and no on of It - stand and no on of pun . contained publicity stunts on itsch Liverpool . contained Tweet"
A in the 1 goal from three . A in the 1 goal from three A in the all . E from A once in the all Aaron Ramsey from E Burn once all Aaron Ramsey Burn once all secured,A in the 1 goal from three . A in the 1 goal from three A in the all . E from A once in the all Aaron Ramsey from E Burn once all Aaron Ramsey secured Burn all secured,A in the 1 goal from three . A in the 1 goal from three A in the all . E from A once in the all Aaron Ramsey from E Burn once all Aaron Ramsey Burn all secured once,A in the 1 goal from three . A in the 1 goal from three A in the all . E from A once in the all Aaron Ramsey from E Burn once all Aaron Ramsey secured once all Burn,A in the 1 goal from three . A in the 1 goal from three A in the all . E from A once in the all Aaron Ramsey from E Burn once all Aaron Ramsey Burn all once secured
I are not in yet but so I are not in . He found his 's not in yet . I found his murder in 's of I but not his murder so He are death of his troubles so,I are not in yet but so I are not in . He found his 's not in yet . I found his murder in 's of I but not his murder so He are death of his but so,I are not in yet but so I are not in . He found his 's not in yet . I found his murder in 's of I but not his murder so He of death but his troubles are,I are not in yet but so I are not in . He found his 's not in yet . I found his murder in 's of I but not his murder so He of death but his are so,I are not in yet but so I are not in . He found his 's not in yet . I found his murder in 's of I but not his murder so He of death but his troubles so
University would on the team of Congress a video on the Washington team would a video of the Congress one on a Washington University of the one on a flying carp ? . caught by attack of flying carp ?,University would on the team of Congress a video on the Washington team would a video of the Congress one on a Washington University of the one on a flying carp ? . caught by attack of flying carp .,University would on the team of Congress a video on the Washington team would a video of the Congress one on a Washington University of the one on a flying carp ? . caught of by flying carp ? .,University would on the team of Congress a video on the Washington team would a video of the Congress one on a Washington University of the one on a flying carp ? . caught by attack flying carp ? .,University would on the team of Congress a video on the Washington team would a video of the Congress one on a Washington University of the one on a flying carp ? . caught by attack flying carp ? of
Donald in the 6 from 2 to $ Donald in the 6 from 2 to $ in the gifts . iano to Sterling in the gifts . iano to Sterling from iv from iv,Donald in the 6 from 2 to $ Donald in the 6 from 2 to $ in the gifts . iano to Sterling in the gifts . iano to Sterling from iv iv from,Donald in the 6 from 2 to $ Donald in the 6 from 2 to $ in the gifts . iano to Sterling in the gifts . iano to Sterling iv from from iv,Donald in the 6 from 2 to $ Donald in the 6 from 2 to $ in the gifts . iano to Sterling in the gifts . iano to Sterling iv from iv from,Donald in the 6 from 2 to $ Donald in the 6 from 2 to $ in the gifts . iano to from in the gifts . iano to from Sterling iv iv Sterling
"S was a lot significant and the S was a lot significant ha the S was a "" . and the S was a "" . and the ... Th abo ef ha and ol ... Th abo ut ef","S was a lot significant and the S was a lot significant ha the S was a "" . and the S was a "" . and the ... Th abo ef ha and ol ... Th abo ef says","S was a lot significant and the S was a lot significant ha the S was a "" . and the S was a "" . and the ... Th abo ef ha and ol ... Th abo ef dis","S was a lot significant and the S was a lot significant ha the S was a "" . and the S was a "" . and the ... Th abo ut says ha and ... Th abo ut says","S was a lot significant and the S was a lot significant ha the S was a "" . and the S was a "" . and the ... Th abo ef ha and ol ... Th abo ef ut"
Open it because Chess Tournament Dubai banned Open course it Chess Tournament because Dubai banned Officials it . say because he Nig ze Ga . it because he Nig ze Ga alid Officials say he frequ course alid he frequ,Open it because Chess Tournament Dubai banned Open course it Chess Tournament because Dubai banned Officials it . say because he Nig ze Ga . it because he Nig ze Ga alid Officials say he course alid he frequ frequ,Open it because Chess Tournament Dubai banned Open course it Chess Tournament because Dubai banned Officials it . say because he Nig ze Ga . it because he Nig ze Ga alid Officials say course he alid frequ he frequ,Open it because Chess Tournament Dubai banned Open course it Chess Tournament because Dubai banned Officials it . say because he Nig ze Ga . it because he Nig ze Ga alid Officials say course alid he frequ he frequ,Open it because Chess Tournament Dubai banned Open course it Chess Tournament because Dubai banned Officials it . say because he Nig ze Ga . it because he Nig ze Ga alid Officials say course alid he frequ frequ he
NFL players suspended from after a . Peterson NFL players suspended from after a . Peterson assault him from after a rian Roger Goodell assault from after a rian Roger Goodell Reggie requires him misdemeanor reckless pleading Commissioner Reggie requires,NFL players suspended from after a . Peterson NFL players suspended from after a . Peterson assault him from after a rian Roger Goodell assault from after a rian Roger Goodell Reggie pleading him misdemeanor reckless requires Commissioner Reggie pleading,NFL players suspended from after a . Peterson NFL players suspended from after a . Peterson assault him from after a rian Roger Goodell assault from after a rian Roger Goodell Reggie pleading him misdemeanor requires reckless Commissioner Reggie pleading,NFL players suspended from after a . Peterson NFL players suspended from after a . Peterson assault him from after a rian Roger Goodell assault from after a rian Roger Goodell Reggie pleading him misdemeanor reckless Commissioner requires Reggie pleading,NFL players suspended from after a . Peterson NFL players suspended from after a . Peterson assault him from after a rian Roger Goodell assault from after a rian Roger Goodell Reggie pleading him requires reckless misdemeanor Commissioner Reggie pleading
Kings who is in the sport since 2008 with Kings in the sport is of since 2008 in the who is of reportedly involved with the who is of reportedly involved with in who of with,Kings who is in the sport since 2008 with Kings in the sport is of since 2008 in the who is of reportedly involved with the who is of reportedly involved with in who with of,Kings who is in the sport since 2008 with Kings in the sport is of since 2008 in the who is of reportedly involved with the who is of reportedly involved with who in of with,Kings who is in the sport since 2008 with Kings in the sport is of since 2008 in the who is of reportedly involved with the who is of reportedly involved with who in with of,Kings who is in the sport since 2008 with Kings in the sport is of since 2008 in the who is of reportedly involved in the who is of reportedly involved with who of with with
I m ry . on itt popular I chen ry . on itt popular I m chen Mc br Henry on I m Britt Mc br Henry on m Britt hashtag hashtag,I m ry . on itt popular I chen ry . on itt popular I m chen Mc br Henry on I m hashtag Mc br Henry on hashtag m Britt Britt,I m ry . on itt popular I chen ry . on itt popular I m chen Mc br Henry on I m hashtag Mc br Henry on m hashtag Britt Britt,I m ry . on itt popular I chen ry . on itt popular I m chen Mc br Henry on I m hashtag Mc br Henry on m Britt hashtag Britt,I m ry . on itt popular I chen ry . on itt popular I m chen Mc br Henry on I m hashtag Mc br Henry m on hashtag Britt Britt
P just had a ride his around the ist just a epic ride his the ist just a epic cycle his had around the days . a his just had an the Ping P Wang cycle had stolen . an,P just had a ride his around the ist just a epic ride his the ist just a epic cycle his had around the days . a his just had an the Ping P Wang cycle had stolen an .,P just had a ride his around the ist just a epic ride his the ist just a epic cycle his had around the days . a his just had an the Ping P Wang . China had an Ping,P just had a ride his around the ist just a epic ride his the ist just a epic cycle his had around the days . a his just had an the Ping P Wang . China had an Cy,P just had a ride his around the ist just a epic ride his the ist just a epic cycle his had around the days . a his just had an the Ping P Wang . China had an manages
"C . Air plane , a crashed rence . Air plane , a crashed rence ( C Coach Board a National Transportation Safety ( reports That a National Transportation Safety Coach Board That 414 reports rey Tor ess Ward That","C . Air plane , a crashed rence . Air plane , a crashed rence ( C Coach Board a National Transportation Safety ( reports That a National Transportation Safety Coach Board That 414 reports rey Ward Tor ess That","C . Air plane , a crashed rence . Air plane , a crashed rence ( C Coach Board a National Transportation Safety ( reports That a National Transportation Safety Coach Board That reports rey Ward Tor ess 414 That","C . Air plane , a crashed rence . Air plane , a crashed rence ( C Coach Board a National Transportation Safety ( reports That a National Transportation Safety Coach Board That 414 reports rey ess Ward Tor That","C . Air plane , a crashed rence . Air plane , a crashed rence ( C Coach Board a National Transportation Safety ( reports That a National Transportation Safety Coach Board That 414 reports rey Ward ess Tor That"
"Massachusetts . the 's is in murder , . the 's is in first murder , the jury is in Hernandez first case the jury is in deliber Hernandez case degree charged deliber Massachusetts degree charged","Massachusetts . the 's is in murder , . the 's is in first murder , the jury is in Hernandez first case the jury is in Hernandez case degree charged deliber Massachusetts degree charged deliber","Massachusetts . the 's is in murder , . the 's is in first murder , the jury is in Hernandez first case the jury is in deliber Hernandez case degree charged deliber Massachusetts charged degree","Massachusetts . the 's is in murder , . the 's is in first murder , the jury is in Hernandez first case the jury is in Hernandez case degree charged deliber Massachusetts degree deliber charged","Massachusetts . the 's is in murder , . the 's is in first murder , the jury is in Hernandez first case the jury is in deliber Massachusetts case Hernandez charged deliber degree charged degree"
P in last second on pole . P in last second start on pole . Ros in China teammate on into start Ros in China teammate on into ushed into into ushed,P in last second on pole . P in last second start on pole . Ros in China teammate on into start Ros in China teammate on into ushed into ushed into,P in last second on pole . P in last second start on pole . in China teammate start on into Ros in China teammate on into ushed Ros into ushed into,P in last second on pole . P in last second start on pole . in China teammate start on into Ros in China teammate on into Ros ushed into into ushed,P in last second on pole . P in last second start on pole . in China teammate start on Ros into in China teammate on into Ros ushed into into ushed
It were in . by New England and were used in by New England . and were for game in by championship and were for game in by championship Patriots and used for corruption It why Patriots under balls for,It were in . by New England and were used in by New England . and were for game in by championship and were for game in by championship Patriots and used for corruption It why Patriots under provided for,It were in . by New England and were used in by New England . and were for game in by championship and were for game in by championship Patriots and used for corruption It provided Patriots why balls for,It were in . by New England and were used in by New England . and were for game in by championship and were for game in by championship Patriots and used for corruption It provided Patriots why balls under,It were in . by New England and were used in by New England . and were for game in by championship and were for game in by championship Patriots and used for corruption It why Patriots under balls provided
Sch ams ler in uy aks down Sch ams ler in uy aks down year three Sunday in 72 ounce down year three Sunday in 72 ounce down fed scar ste Amar Amar scar ste fed,Sch ams ler in uy aks down Sch ams ler in uy aks down year three Sunday in 72 ounce down year three Sunday in 72 ounce down fed Amar scar ste fed Amar scar ste,Sch ams ler in uy aks down Sch ams ler in uy aks down year three Sunday in 72 ounce down year three Sunday in 72 ounce down fed Amar scar ste ste fed scar Amar,Sch ams ler in uy aks down Sch ams ler in uy aks down year three Sunday in 72 ounce down year three Sunday in 72 ounce down fed scar ste Amar Amar scar fed ste,Sch ams ler in uy aks down Sch ams ler in uy aks down year three Sunday in 72 ounce down year three Sunday in 72 ounce down fed Amar scar ste fed Amar ste scar
"I find the right to watch , and I find the right to watch , but for the time and I to waste but for the time and I to waste but A : and for life guilty but A","I find the right to watch , and I find the right to watch , but for the time and I to waste but for the time and to waste but I player for life and A : guilty player","I find the right to watch , and I find the right to watch , but for the time and I to waste but for the time and to waste but I player for life : A and guilty player","I find the right to watch , and I find the right to watch , but for the time and I to waste but for the time and to waste but I player for life : A but guilty player","I find the right to watch , and I find the right to watch , but for the time and I to waste but for the time and I to waste but A : and for life guilty player A"
"Jones is involved in a crash which injured Jones was involved in , a crash which is injured . in a was , which is pregnant or in a . which is or was pregnant confirm whether or was confirm","Jones is involved in a crash which injured Jones was involved in , a crash which is injured . in a was , which is pregnant or in a . which is or was pregnant whether confirm or was whether","Jones is involved in a crash which injured Jones was involved in , a crash which is injured . in a was , which is pregnant or in a was . which is pregnant or whether was confirm or whether","Jones is involved in a crash which injured Jones was involved in , a crash which is injured . in a was , which is pregnant or in a was . which is pregnant or was confirm whether or whether","Jones is involved in a crash which injured Jones was involved in , a crash which is injured . in a was , which is pregnant or in a was . which is pregnant or was whether confirm or whether"
More part about the 50 says were 100 part about the 50 says were Bay . More about the 100 boats were Bay . More about the Mobile boats were sail took More Mobile Guard sail took Guard rescued rescued,More part about the 50 says were 100 part about the 50 says were Bay . More about the 100 boats were Bay . More about the Mobile boats were sail took More Mobile Guard sail took rescued Guard rescued,More part about the 50 says were 100 part about the 50 says were Bay . More about the 100 boats were Bay . More about the Mobile boats were sail took rescued More Mobile sail took Guard rescued Guard,More part about the 50 says were 100 part about the 50 says were Bay . More about the 100 boats were Bay . More about the Mobile boats were sail took rescued More Mobile sail took rescued Guard Guard,More part about the 50 says were 100 part about the 50 says were Bay . More about the 100 boats were Bay . More about the Mobile boats were sail took More Mobile rescued sail took rescued Guard Guard
Pac has tickets to . who was ino has tickets to . who was ino 's 900 friends to who was has oter 's 900 friends to who was has oter : Pac iao 800 want Manny between Las Mach,Pac has tickets to . who was ino has tickets to . who was ino 's 900 friends to who was has oter 's 900 friends to who was has oter : Pac iao want Manny Mach between Las 800,Pac has tickets to . who was ino has tickets to . who was ino 's 900 friends to who was has oter 's 900 friends to who was has oter : Pac iao 800 want Manny between Mach Las,Pac has tickets to . who was ino has tickets to . who was ino 's 900 friends to who was has oter 's 900 friends to who was has oter : Pac iao want Manny Mach between Las :,Pac has tickets to . who was ino has tickets to . who was ino 's 900 friends to who was has oter 's 900 friends to who was has oter : Pac iao 800 want Manny between Mach :
Trump up the a Mach ito set Trump 's up a meeting the iao ito 's set up a meeting the iao an riel . a between the exec an riel . Pac qu up ino Mach an exec Pac,Trump up the a Mach ito set Trump 's up a meeting the iao ito 's set up a meeting the iao an riel . a between the exec an riel . Pac qu up ino an exec Mach Pac,Trump up the a Mach ito set Trump 's up a meeting the iao ito 's set up a meeting the iao an riel . a between the exec an riel . Pac qu up ino Mach an exec between,Trump up the a Mach ito set Trump 's up a meeting the iao ito 's set up a meeting the iao an riel . a between the exec an riel . Pac qu up ino between an exec Mach,Trump up the a Mach ito set Trump 's up a meeting the iao ito 's set up a meeting the iao an riel . a between the exec an riel . Pac qu up ino between an exec Pac
Sp and balance . he golf to control and balance . When he golf ity to control and enhance he movement power to swing and Jordan When he power ity to enhance swing movement When Jordan Sp ieth demonstrated fluid,Sp and balance . he golf to control and balance . When he golf ity to control and enhance he movement power to swing and Jordan When he power ity to enhance swing movement demonstrated Sp When Jordan ieth fluid,Sp and balance . he golf to control and balance . When he golf ity to control and enhance he movement power to swing and Jordan When he power ity to enhance swing movement When Jordan Sp ieth demonstrated optimal,Sp and balance . he golf to control and balance . When he golf ity to control and enhance he movement power to swing and Jordan When he power ity to enhance swing movement demonstrated Sp When Jordan ieth optimal,Sp and balance . he golf to control and balance . When he golf ity to control and enhance he movement power to swing and Jordan When he power ity to enhance swing movement When Jordan Sp ieth fluid demonstrated
Chinese to beat the in medal at Grand Prix to beat the Chinese . in medal for at the Grand Prix to . Silver at the Hamilton in Nico Lewis ruined at Silver to Hamilton in Nico Lewis ruined Ros,Chinese to beat the in medal at Grand Prix to beat the Chinese . in medal for at the Grand Prix to . Silver at the Hamilton in Nico Lewis ruined at Silver for Hamilton in Nico Lewis ruined Ros,Chinese to beat the in medal at Grand Prix to beat the Chinese . in medal for at the Grand Prix to . Silver at the Hamilton in Nico Lewis ruined at Silver to Hamilton in Nico Lewis ruined for,Chinese to beat the in medal at Grand Prix to beat the Chinese . in medal for at the Grand Prix to . Silver at the Hamilton in Nico Lewis ruined at Silver to Hamilton in Nico Lewis for Ros,Chinese to beat the in medal at Grand Prix to beat the Chinese . in medal for at the Grand Prix to . Silver at the Hamilton in Nico Lewis ruined at Silver to Hamilton in Nico Lewis victory for
"Red phy has a 2015 the , Red phy has a 2015 the Boston Marathon , has a part the Boston Marathon kel has a part took aic the kel muscular dy Mel amed took aic muscular dy Mel amed","Red phy has a 2015 the , Red phy has a 2015 the Boston Marathon , has a part the Boston Marathon kel has a part took aic the kel muscular dy Mel stro took aic muscular dy Mel stro","Red phy has a 2015 the , Red phy has a 2015 the Boston Marathon , has a part the Boston Marathon kel has a part took aic the kel muscular dy Mel stro aic took muscular dy Mel stro","Red phy has a 2015 the , Red phy has a 2015 the Boston Marathon , has a part the Boston Marathon kel has a part took the aic kel muscular dy Mel stro took aic muscular dy Mel stro","Red phy has a 2015 the , Red phy has a 2015 the Boston Marathon , has a part the Boston Marathon kel has a part took aic the kel muscular dy Mel amed took aic muscular dy amed Mel"
"Dun in time , long term Kim has to star in , his long term girlfriend has to star in his time girlfriend has to ane in his bl wed has to Kim ane his Andy Sears bl wed Dun","Dun in time , long term Kim has to star in , his long term girlfriend has to star in his time girlfriend has to ane in his bl wed has to Kim ane his Andy Sears Dun bl wed","Dun in time , long term Kim has to star in , his long term girlfriend has to star in his time girlfriend has to ane in his bl wed has to ane Kim Sears Dun his bl wed Sears","Dun in time , long term Kim has to star in , his long term girlfriend has to star in his time girlfriend has to ane in his bl wed has to ane Kim Sears Dun his bl wed Andy","Dun in time , long term Kim has to star in , his long term girlfriend has to star in his time girlfriend has to ane in his bl wed has to Kim ane his Andy Sears bl wed Andy"
"Got to see this fight , in a - Mayweather Pac fight , in a - Mayweather Pac to see this in a tune . Got to enge in a tune but this . enge : to qu but this","Got to see this fight , in a - Mayweather Pac fight , in a - Mayweather Pac to see this in a tune . Got to enge in a tune but this . enge : qu to but this","Got to see this fight , in a - Mayweather Pac fight , in a - Mayweather Pac to see this in a tune . Got to enge in a tune but this . enge : to qu Jonathan this","Got to see this fight , in a - Mayweather Pac fight , in a - Mayweather Pac to see this in a tune . Got to enge in a tune but this . enge : qu to ts this","Got to see this fight , in a - Mayweather Pac fight , in a - Mayweather Pac to see this in a tune . Got to enge in a tune but this . enge : to qu Jonathan but"
F also the Baltimore Orioles - game on F past the Baltimore Orioles - game on also past the closed door . on Hall amer should closed the door . on Hall amer should unrest leads tweets postponed Fame should,F also the Baltimore Orioles - game on F past the Baltimore Orioles - game on also past the closed door . on Hall amer should closed the door . on Hall amer should unrest postponed tweets Fame leads should,F also the Baltimore Orioles - game on F past the Baltimore Orioles - game on also past the closed door . on Hall amer should closed the door . on Hall amer should unrest postponed tweets Fame leads tweets,F also the Baltimore Orioles - game on F past the Baltimore Orioles - game on also past the closed door . on Hall amer should closed the door . on Hall amer should unrest postponed tweets Fame leads leads,F also the Baltimore Orioles - game on F past the Baltimore Orioles - game on also past the closed door . on Hall amer should closed the door . on Hall amer should unrest postponed tweets Fame leads unrest
I was . the birthday boy which I was . Just the birthday boy which I was title has Just the Sin which I title was Just the Sin which has led 1941 Frank Just insky inski has led 1941,I was . the birthday boy which I was . Just the birthday boy which I was title has Just the Sin which I title was Just the Sin which has led Frank Just 1941 Kam insky has led Frank,I was . the birthday boy which I was . Just the birthday boy which I was title has Just the Sin which was I title Just the Sin which has led Frank Just 1941 Kam insky has led Frank,I was . the birthday boy which I was . Just the birthday boy which I was title has Just the Sin which I title was Just the Sin which has led Frank Just 1941 Kam inski has led Frank,I was . the birthday boy which I was . Just the birthday boy which I was title has Just the Sin which I title was Just the Sin which has led 1941 Frank Just insky Kam has led 1941
"Def . 5 , 0 - 4 wins . 5 7 0 - Def 4 wins , ch 7 e ats Monte Carlo dy ch Masters e ats Monte Carlo dy Masters Ber Ber","Def . 5 , 0 - 4 wins . 5 7 0 - Def 4 wins , ch 7 e ats Monte Carlo dy ch Masters e ats Monte Carlo dy Ber Masters Ber","Def . 5 , 0 - 4 wins . 5 7 0 - Def 4 wins , ch 7 e ats Monte Carlo dy ch Masters e ats Monte Carlo Ber dy Masters Ber","Def . 5 , 0 - 4 wins . 5 7 0 - Def 4 wins , ch 7 e ats Monte Carlo Ber Masters ch e ats Monte Carlo Ber Masters dy dy","Def . 5 , 0 - 4 wins . 5 7 0 - Def 4 wins , ch 7 e ats Monte Carlo dy ch Masters e ats Monte Carlo Ber Masters dy Ber"
Now two . players - White of Baltimore due to two Orioles players - White . Now due to game of Baltimore Orioles riot planned to Now game of caused riot planned to postp Bass Now of caused third postp,Now two . players - White of Baltimore due to two Orioles players - White . Now due to game of Baltimore Orioles riot planned to Now game of caused riot planned to Now third of ing caused Bass postp,Now two . players - White of Baltimore due to two Orioles players - White . Now due to game of Baltimore Orioles riot planned to Now game of caused riot planned to Bass Now of ing third postp caused,Now two . players - White of Baltimore due to two Orioles players - White . Now due to game of Baltimore Orioles riot planned to Now game of caused riot planned to postp Bass Now of caused third ing,Now two . players - White of Baltimore due to two Orioles players - White . Now due to game of Baltimore Orioles riot planned to Now game of caused riot planned to Now third of ing caused postp Bass
Green had to a repair his Achilles and had surgery to open his heart and had a Achilles to open his heart and had a repair surgery to Jeff Green an his a and eur ic Jeff an 2011 ys,Green had to a repair his Achilles and had surgery to open his heart and had a Achilles to open his heart and had a repair surgery to Jeff Green an his a and eur ic 2011 an Jeff ort,Green had to a repair his Achilles and had surgery to open his heart and had a Achilles to open his heart and had a repair surgery to Jeff Green an his a and eur ic 2011 an ys Jeff,Green had to a repair his Achilles and had surgery to open his heart and had a Achilles to open his heart and had a repair surgery to Jeff Green an his a and eur ic 2011 Jeff an ort,Green had to a repair his Achilles and had surgery to open his heart and had a Achilles to open his heart and had a repair surgery to Jeff Green an his a and eur ic Jeff 2011 an ys
Nation thats inspired by . group Fit Nation thats inspired by friends . Fit Bit group participant by friends Moore Erica Bit participant by Erica Moore,Nation thats inspired by . group Fit Nation thats inspired by friends . Fit Bit group participant by friends Moore Erica Bit by participant Erica Moore,Nation thats inspired by . group Fit Nation thats inspired by friends . Fit Bit group participant by friends Moore Erica Bit participant by Moore Erica,Nation thats inspired by . group Fit Nation thats inspired by friends . Fit Bit group participant by friends Moore Erica Bit by Moore participant Erica,Nation thats inspired by . group Fit Nation thats inspired by friends . Fit Bit group participant by friends Moore Erica Bit by Moore Erica participant
"Pac for 1 million , on sale of for 180 million v . p Pac for 1 , v . p qu online for sale of 180 on qu online stake of Mayweather on Majority stake of Mayweather on Majority","Pac for 1 million , on sale of for 180 million v . p Pac for 1 , v . p qu online for sale of 180 on qu online stake of Mayweather on Majority of stake on Majority Mayweather","Pac for 1 million , on sale of for 180 million v . p Pac for 1 , v . p qu online for sale of 180 on qu online stake of Mayweather on Majority of stake on Mayweather Majority","Pac for 1 million , on sale of for 180 million v . p Pac for 1 , v . p qu online for sale of stake on qu Mayweather 180 online of stake on Majority Mayweather of on Majority","Pac for 1 million , on sale of for 180 million v . p Pac for 1 , v . p qu online for sale of 180 on qu online stake of Mayweather on Majority stake of on Mayweather Majority"
The to up as fans oc . The to up as fans oc . The to up as flying eat tacos The to up as flying eat ac tacos idea excited local Omaha aster ac annon idea excited local Omaha,The to up as fans oc . The to up as fans oc . The to up as flying eat tacos The to up as flying eat ac tacos idea excited local Omaha annon ac trends idea excited local Omaha,The to up as fans oc . The to up as fans oc . The to up as flying eat tacos The to up as flying eat ac tacos idea excited local Omaha annon ac # trends excited local Omaha,The to up as fans oc . The to up as fans oc . The to up as flying eat tacos The to up as flying eat ac tacos idea excited local Omaha annon ac trends idea excited local annon,The to up as fans oc . The to up as fans oc . The to up as flying eat tacos The to up as flying eat ac tacos idea excited local Omaha aster ac annon idea excited local #
Vegas in leading player remains 's world champion in beating age . 's world champion in leading player remains beating age . Vegas in rider contest Charlotte ard j dress Du rider contest Charlotte ard j dress Du,Vegas in leading player remains 's world champion in beating age . 's world champion in leading player remains beating age . Vegas in rider contest Charlotte ard j dress Du rider contest Charlotte ard j Du dress,Vegas in leading player remains 's world champion in beating age . 's world champion in leading player remains beating age . Vegas in rider contest Charlotte ard j dress Du rider contest Charlotte j dress ard Du,Vegas in leading player remains 's world champion in beating age . 's world champion in leading player remains beating age . Vegas in rider contest Charlotte ard j dress Du rider contest Charlotte j dress Du ard,Vegas in leading player remains 's world champion in beating age . 's world champion in leading player remains beating age . Vegas in rider contest Charlotte ard j dress Du rider contest Charlotte j ard Du dress
"Las to complete . atlantic human business trip , to complete . atlantic human business trip , to ' luxury class Las trans 80 orses to ' luxury class 1938 fans 80 orses 1938 fans trans","Las to complete . atlantic human business trip , to complete . atlantic human business trip , to ' luxury class Las trans 80 orses to ' luxury class 1938 orses fans trans 80 fans 1938","Las to complete . atlantic human business trip , to complete . atlantic human business trip , to ' luxury class Las trans 80 orses to ' luxury class 1938 orses fans trans 80 1938 fans","Las to complete . atlantic human business trip , to complete . atlantic human business trip , to ' luxury class Las trans 80 orses to ' luxury class 1938 fans 80 orses trans fans 1938","Las to complete . atlantic human business trip , to complete . atlantic human business trip , to ' luxury class Las trans 80 orses to ' luxury class 1938 fans 80 orses 1938 trans fans"
Sp of Ice made the kid cool as well . Sp of Ice made him cool as well . his brother the second kid of sibling - as the younger brother of his sibling - as the younger him ha,Sp of Ice made the kid cool as well . Sp of Ice made him cool as well . his brother the second kid of sibling - as the younger brother of his sibling - as the younger him display,Sp of Ice made the kid cool as well . Sp of Ice made him cool as well . his brother the second kid of sibling - as the younger brother of his sibling - as the younger display his,Sp of Ice made the kid cool as well . Sp of Ice made him cool as well . his brother the second kid of sibling - as the younger brother of his sibling - as the younger him his,Sp of Ice made the kid cool as well . Sp of Ice made him cool as well . his brother the second kid of sibling - as the younger brother of his sibling - as the second younger his
"The have and already been rejected six times "" The already have been rejected six times "" The man and accusations have been false The man and accusations have been exposed 's ins and false : berg exposed 's ins","The have and already been rejected six times "" The already have been rejected six times "" The man and accusations have been false The man and accusations have been exposed 's ins and false : berg K 's lawyer","The have and already been rejected six times "" The already have been rejected six times "" The man and accusations have been false The man and accusations have been exposed 's false and ins lawyer : K 's exposed","The have and already been rejected six times "" The already have been rejected six times "" The man and accusations have been false The man and accusations have been exposed 's ins and false : berg exposed 's lawyer","The have and already been rejected six times "" The already have been rejected six times "" The man and accusations have been false The man and accusations have been exposed 's ins and false : berg K 's ins"
New is also a star and ex New Zealand is also a star and ex to . England is a murder and charged . England is a murder and charged to Patriots with Aaron Zealand guilty to Patriots with Aaron,New is also a star and ex New Zealand is also a star and ex to . England is a murder and charged . England is a murder and to Patriots with Aaron Zealand charged guilty to Patriots with Aaron,New is also a star and ex New Zealand is also a star and ex to . England is a murder and charged . England is a murder and to Patriots with Aaron Zealand charged to Patriots with Aaron guilty,New is also a star and ex New Zealand is also a star and ex to . England is a murder and charged . England is a murder and to Patriots with Aaron Zealand charged to Patriots with Aaron to,New is also a star and ex New Zealand is also a star and ex to . England is a murder and charged . England is a murder and to Patriots with Aaron Zealand charged to Patriots with guilty Aaron
Le in a National League . As 1 shot in a row . As National League 1 shot in a Grand Slam b Many wins in a row As Grand Slam b Many wins win As Le Second j Fighter,Le in a National League . As 1 shot in a row . As National League 1 shot in a Grand Slam b Many wins in a row As Grand Slam b Many wins win As Le Second Fighter j,Le in a National League . As 1 shot in a row . As National League 1 shot in a Grand Slam b Many wins in a row As Grand Slam b Many wins win As Le Fighter j Clouds,Le in a National League . As 1 shot in a row . As National League 1 shot in a Grand Slam b Many wins in a row As Grand Slam b Many wins win As Le Fighter j Second,Le in a National League . As 1 shot in a row . As National League 1 shot in a Grand Slam b Many wins in a row As Grand Slam b Many wins win As Le Fighter j ockey
Arm his world and plant to set is by his world and plant to set is by his pole and to soaring above is by his v pole to above is by soaring and eighth v Du Arm aul above,Arm his world and plant to set is by his world and plant to set is by his pole and to soaring above is by his v pole to above is by soaring and eighth v above Du Arm eighth,Arm his world and plant to set is by his world and plant to set is by his pole and to soaring above is by his v pole to above is by soaring and eighth v Du Arm aul eighth,Arm his world and plant to set is by his world and plant to set is by his pole and to soaring above is by his v pole to above is by soaring and v above Du Arm aul eighth,Arm his world and plant to set is by his world and plant to set is by his pole and to soaring above is by his v pole to above is by soaring and v above Du Arm eighth aul
T in e by champion chess game f ra e by champion chess game f ra ak On in by player T oya ak On und in by player T oya On und in iger marathon T On broke au,T in e by champion chess game f ra e by champion chess game f ra ak On in by player T oya ak On und in by player T oya On und in iger marathon T On broke iger,T in e by champion chess game f ra e by champion chess game f ra ak On in by player T oya ak On und in by player T oya On und in iger marathon T On au broke,T in e by champion chess game f ra e by champion chess game f ra ak On in by player T oya ak On und in by player T oya On und in iger broke T On au iger,T in e by champion chess game f ra e by champion chess game f ra ak On in by player T oya ak On und in by player T oya On und in iger broke T On marathon iger
London with a women starting to break at London with a women starting to break at runners with a 's expected to Marathon for Children with a 's aiming to Marathon for at elite runners aiming Children for at elite,London with a women starting to break at London with a women starting to break at runners with a 's expected to Marathon for Children with a 's aiming to Marathon for Children at elite runners aiming for participants at,London with a women starting to break at London with a women starting to break at runners with a 's expected to Marathon for Children with a 's aiming to Marathon for Children at elite runners aiming for expected at,London with a women starting to break at London with a women starting to break at runners with a 's expected to Marathon for Children with a 's aiming to Marathon for at Children participants aiming runners for at elite,London with a women starting to break at London with a women starting to break at runners with a 's expected to Marathon for Children with a 's aiming to Marathon for at elite runners aiming Children for at participants
African because of the investigation revealed that an fin ishers of the Marathon runners because after an investigation three of the runners that an fin ishers of the disqualified because an African that Marathon three after Half Beijing because that,African because of the investigation revealed that an fin ishers of the Marathon runners because after an investigation three of the runners that an fin ishers of the disqualified because an African that Marathon three after Half Beijing because disqualified,African because of the investigation revealed that an fin ishers of the Marathon runners because after an investigation three of the runners that an fin ishers of the disqualified because an African that Marathon three after Half Beijing disqualified because,African because of the investigation revealed that an fin ishers of the Marathon runners because after an investigation three of the runners that an fin ishers of the disqualified because an African that Marathon three after Half Beijing because revealed,African because of the investigation revealed that an fin ishers of the Marathon runners because after an investigation three of the runners that an fin ishers of the disqualified because an African that Marathon three after Half Beijing disqualified that
"Arizona and the Utah . 's with Arizona and the Utah . 's with NHL and the Coyotes , fans with NHL and the Coyotes , fans with potentially rel discusses officials ocating rumors potentially rel discusses officials ocating rumors","Arizona and the Utah . 's with Arizona and the Utah . 's with NHL and the Coyotes , fans with NHL and the Coyotes , fans with potentially rel discusses officials ocating rumors rumors rel discusses officials ocating potentially","Arizona and the Utah . 's with Arizona and the Utah . 's with NHL and the Coyotes , fans with NHL and the Coyotes , fans with potentially rel discusses officials ocating rumors rumors rel discusses potentially ocating officials","Arizona and the Utah . 's with Arizona and the Utah . 's with NHL and the Coyotes , fans with NHL and the Coyotes , fans with potentially rel discusses officials ocating rumors potentially rel discusses ocating rumors officials","Arizona and the Utah . 's with Arizona and the Utah . 's with NHL and the Coyotes , fans with NHL and the Coyotes , fans with potentially rel discusses officials ocating rumors potentially rel discusses ocating officials rumors"
Paris Maybe Olympics announced new 2024 season Paris Maybe Olympics basketball roster announced new 2024 basketball season men roster men,Paris Maybe Olympics announced new 2024 season Paris Maybe Olympics basketball roster announced new 2024 basketball season roster men men,Paris Maybe Olympics announced new 2024 season Paris Maybe Olympics basketball roster announced new 2024 basketball men roster season men,Paris Maybe Olympics announced new basketball men Paris 2024 Olympics roster announced new basketball season Maybe 2024 men roster season,Paris Maybe Olympics announced new basketball men Paris 2024 Olympics roster announced new basketball season Maybe 2024 roster men season
Team that is in the NBA and USA for that is the roster in NBA and that is the roster for Team USA and that is the fit for in and just didn . fit into his for just want,Team that is in the NBA and USA for that is the roster in NBA and that is the roster for Team USA and that is the fit for in and just didn . fit into his for want just,Team that is in the NBA and USA for that is the roster in NBA and that is the roster for Team USA and that is the fit for in and just didn . fit into his for just in,Team that is in the NBA and USA for that is the roster in NBA and that is the roster for Team USA and that is the fit for in and just didn . fit into his in for just,Team that is in the NBA and USA for that is the roster in NBA and that is the roster for Team USA and that is the fit for in and just didn . fit into his for want in
Se with US over at . losing match with US over at . re match with win over at losing Se re with win over at year six Qatar re Alexand Muller snapped year six Qatar re Alexand Muller snapped,Se with US over at . losing match with US over at . re match with win over at losing Se re with win over at year six Qatar re Muller Alexand snapped year six Qatar re Muller snapped Alexand,Se with US over at . losing match with US over at . re match with win over at losing Se re with win over at year six Qatar re Alexand Muller snapped year six Qatar re Alexand snapped Muller,Se with US over at . losing match with US over at . re match with win over at losing Se re with win over at year six Qatar re Alexand Muller snapped year six Qatar re snapped Alexand Muller,Se with US over at . losing match with US over at . re match with win over at losing Se re with win over at year six Qatar re Muller Alexand snapped year six Qatar re snapped Alexand Muller
"Alonso has a winning record of 1 run - a Alonso record of 1 run - . en to a game of 's has led to a winning of 's has led to en management , . game has to","Alonso has a winning record of 1 run - a Alonso record of 1 run - . en to a game of 's unbeaten has led to a winning of 's has led to en management , . game has","Alonso has a winning record of 1 run - a Alonso record of 1 run - . en to a game of 's unbeaten has led to a winning of 's has led to en management , . has game","Alonso has a winning record of 1 run - a Alonso record of 1 run - . en to a game of 's has led to a winning of 's has led to en management , . game has Lever","Alonso has a winning record of 1 run - a Alonso record of 1 run - . en to a game of 's unbeaten has led to a winning of 's has led to en management , game has Lever"
"Champions , in the finals final with a draw in the finals , with a final in the Champions . with a draw in the Bayern Munich . with a due against Bayern secured Munich heightened due against secured quarter","Champions , in the finals final with a draw in the finals , with a final in the Champions . with a draw in the Bayern Munich . with a due against Bayern Munich secured quarter due against heightened secured","Champions , in the finals final with a draw in the finals , with a final in the Champions . with a draw in the Bayern Munich . with a due against Bayern Munich secured heightened due against quarter secured","Champions , in the finals final with a draw in the finals , with a final in the Champions . with a draw in the Bayern Munich . with a due against Bayern secured Munich heightened due against secured heightened","Champions , in the finals final with a draw in the finals , with a final in the Champions . with a draw in the Bayern Munich . with a secured against Bayern Munich due quarter secured against heightened due"
"L . The legend Michael 's jet is L - legend Michael 's private jet is III - The Florida . private is III golf , The Florida ultra paradise is golf , The ultra paradise XX Grove asketball asketball","L . The legend Michael 's jet is L - legend Michael 's private jet is III - The Florida . private is III golf , The Florida ultra paradise is golf , The ultra paradise Grove XX asketball asketball","L . The legend Michael 's jet is L - legend Michael 's private jet is III - The Florida . private is III golf , The Florida paradise is ultra golf , The Grove paradise ultra XX Grove asketball","L . The legend Michael 's jet is L - legend Michael 's private jet is III - The Florida . private is III golf , The Florida ultra paradise is golf , The ultra paradise XX Grove asketball XX","L . The legend Michael 's jet is L - legend Michael 's private jet is III - The Florida . private is III golf , The Florida ultra paradise is golf , The ultra paradise XX Grove asketball Grove"
"Le is winning in the racing driver his Le , is winning in the racing driver his , is in the talent during his erc Charles is in the talent during his erc Charles Gu cl esports during ari showcasing","Le is winning in the racing driver his Le , is winning in the racing driver his , is in the talent during his erc Charles is in the talent during his erc Charles Gu cl esports during ari err","Le is winning in the racing driver his Le , is winning in the racing driver his , is in the talent during his erc Charles is in the talent during his erc Charles Gu cl esports during ari lockdown","Le is winning in the racing driver his Le , is winning in the racing driver his , is in the talent during his erc Charles is in the talent during his erc Charles cl showcasing ari during esports Gu","Le is winning in the racing driver his Le , is winning in the racing driver his , is in the talent during his erc Charles is in the talent during his erc Charles cl showcasing ari during esports err"
E and Michael are going to Formula E and Michael are going to Sch Formula for . One and Eight to are for . One and Eight to are for luxury watches from Sch 's auction for luxury watches from,E and Michael are going to Formula E and Michael are going to Sch Formula for . One and Eight to are for . One and Eight to are for luxury watches from Sch 's collection for luxury watches from,E and Michael are going to Formula E and Michael are going to Sch Formula for . One and Eight to are for . One and Eight to are for luxury watches from Sch legend collection for luxury watches from,E and Michael are going to Formula E and Michael are going to Sch Formula for . One and Eight to are for . One and Eight to are for luxury watches from Sch 's legend for luxury watches from,E and Michael are going to Formula E and Michael are going to Sch Formula for . One and Eight to are for . One and Eight to are for luxury watches from Sch 's auction for luxury watches legend
"White at the og , center . White at the og , center has died . at the y 92 has died manager at the y 92 manager has y Herz Herz has y","White at the og , center . White at the og , center has died . at the y 92 has died manager at the y 92 manager has y Herz has y Herz","White at the og , center . White at the og , center has died . at the y 92 has died manager at the y 92 has manager y Herz has y Herz","White at the og , center . White at the og , center has died . at the y manager has died 92 at the y manager has 92 y Herz has y Herz","White at the og , center . White at the og , center has died . at the y 92 has died manager at the y 92 manager has y Herz y has Herz"
"Cleveland team was as to Warriors future , Cleveland team was as to Warriors future raises questions , was as loss to Sacramento Kings raises questions as was to Sacramento Kings loss","Cleveland team was as to Warriors future , Cleveland team was as to Warriors future raises questions , was as loss to Sacramento Kings raises questions as to Kings loss was Sacramento","Cleveland team was as to Warriors future , Cleveland team was as to Warriors future raises questions , was as loss to Sacramento Kings raises questions as to Kings loss Sacramento was","Cleveland team was as to Warriors future , Cleveland team was as to Warriors future raises questions , was as loss to Sacramento Kings raises questions as to was Kings loss Sacramento","Cleveland team was as to Warriors future , Cleveland team was as to Warriors future raises questions , was as loss to Sacramento Kings raises questions as to was Kings Sacramento loss"
the women in team games out for the women in team games out for the final in 's first out for the final in 's first out for rated  rated ,the women in team games out for the women in team games out for the final in 's first out for the final in 's first out for rated   rated,the women in team games out for the women in team games out for the 's first in final out for the 's first in final out for rated  rated ,the women in team games out for the women in team games out for the 's first in final out for the 's first in final out for rated   rated,the women in team games out for the women in team games out for the final in 's first out for the final in 's first for out rated   rated
"He Bron James for 2024 . , He Bron James for 2024 . , He declares for draft He declares for draft","He Bron James for 2024 . , He Bron James for 2024 . , He declares for draft declares He for draft","He Bron James for 2024 . , He Bron James for 2024 . , He declares for draft for He draft declares","He Bron James for 2024 . , He Bron James for 2024 . , He for draft declares for He draft declares","He Bron James for 2024 . , He Bron James for 2024 . , He declares for draft for He declares draft"
