"The some , the official in he sports for years . But some official in the sports for years . But he events in the year , will for some The events in the year he will ban for some","The some , the official in he sports for years . But some official in the sports for years . But he events in the year , will for some The ban in the year he will for some events","The some , the official in he sports for years . But some official in the sports for years . But he events in the year , will for some The ban in the year he will for some The","The some , the official in he sports for years . But some official in the sports for years . But he events in the year , will for some The ban in the year he will for some But","The some , the official in he sports for years . But some official in the sports for years . But he events in the year , will for some The events in the year he will ban for The"
NCAA it for education . student says quality control NCAA it for education . student says quality control for students it doesn ath for students doesn ath it doesn doesn,NCAA it for education . student says quality control NCAA it for education . student says quality control for students it doesn ath for students it doesn ath doesn doesn,NCAA it for education . student says quality control NCAA it for education . student says quality control it for students doesn ath it for students doesn ath doesn doesn,NCAA it for education . student says quality control NCAA it for education . student says quality control for students it doesn ath it for students doesn ath doesn doesn,NCAA it for education . student says quality control NCAA it for education . student says quality control for students it doesn ath for it students doesn ath doesn doesn
N a player in the news about game at - a player in the news about game at - a post in the Wisconsin conference about Kentucky . a post at the Wisconsin conference about Kentucky in N . at,N a player in the news about game at - a player in the news about game at - a post in the Wisconsin conference about Kentucky . a post in the Wisconsin conference about Kentucky . N ters at,N a player in the news about game at - a player in the news about game at - a post in the Wisconsin conference about Kentucky . a post in the Wisconsin conference about Kentucky . N word at,N a player in the news about game at - a player in the news about game at - a post in the Wisconsin conference about Kentucky . a post in the Wisconsin conference about Kentucky . N at retirement,N a player in the news about game at - a player in the news about game at - a post in the Wisconsin conference about Kentucky . a post in the Wisconsin conference about Kentucky . N at mut
"After for her playing a "" college 's coach says the her an angel playing a college 's coach says the her an angel for a self un After the her an Hill for a self un After the Hill","After for her playing a "" college 's coach says the her an angel playing a college 's coach says the her an angel for a self un After the her an Hill for a self un After the ""","After for her playing a "" college 's coach says the her an angel playing a college 's coach says the her an angel for a self un After the her an Hill for a self un After the for","After for her playing a "" college 's coach says the her an angel playing a college 's coach says the her an angel for a self un After the her an "" for a self un After the for","After for her playing a "" college 's coach says the her an angel playing a college 's coach says the her an angel for a self un After the her an Hill for a self un After the an"
Wednesday they will neither say nor Pero Antic ha ef they will neither say nor Pero Antic ha ef they will ille against nor oine Thabo HS os they will ille against nor oine Thabo HS os Wednesday night against,Wednesday they will neither say nor Pero Antic ha ef they will neither say nor Pero Antic ha ef they will ille against nor oine Thabo HS os they will ille against nor oine Thabo HS os ol night against,Wednesday they will neither say nor Pero Antic ha ef they will neither say nor Pero Antic ha ef they will ille against nor oine Thabo HS os they will ille against nor oine Thabo HS os Wednesday night ol,Wednesday they will neither say nor Pero Antic ha ef they will neither say nor Pero Antic ha ef they will ille against nor oine Thabo HS os they will ille against nor oine Thabo HS ol night Wednesday against,Wednesday they will neither say nor Pero Antic ha ef they will neither say nor Pero Antic ha ef they will ille against nor oine Thabo HS os they will ille against nor oine Thabo HS os Wednesday night Hawks
Mc 2015 the lead from Both starts Jordan Spieth Mc Strong the lead from 2015 . Both Jordan Spieth Woods the Strong starts from Masters . Both En Woods the fall from Masters Both holds En fall holds Il Il,Mc 2015 the lead from Both starts Jordan Spieth Mc Strong the lead from 2015 . Both Jordan Spieth Woods the Strong starts from Masters . Both En Woods the fall from Masters Both En fall holds Il Il holds,Mc 2015 the lead from Both starts Jordan Spieth Mc Strong the lead from 2015 . Both Jordan Spieth Woods the Strong starts from Masters . Both En Woods the fall from Masters Both En fall holds Il holds Il,Mc 2015 the lead from Both starts Jordan Spieth Mc Strong the lead from 2015 . Both Jordan Spieth Woods the Strong starts from Masters . Both En Woods the fall from Masters Both holds En fall Il holds Il,Mc 2015 the lead from Both starts Jordan Spieth Mc Strong the lead from 2015 . Both Jordan Spieth Woods the Strong starts from Masters . Both En Woods the fall from Masters Both En fall Il holds holds Il
"He , he earned a fame of later for He , he earned a fame of later for He . he as a broadcaster of cricket for He . he as a broadcaster of Prime cricket for Tony Abbott as","He , he earned a fame of later for He , he earned a fame of later for He . he as a broadcaster of cricket for He . he as a broadcaster of Prime cricket for Ben Tony Abbott","He , he earned a fame of later for He , he earned a fame of later for He . he as a broadcaster of cricket for He . he as a broadcaster of Prime cricket for Tony Abbott $","He , he earned a fame of later for He , he earned a fame of later for He . he as a broadcaster of cricket for He . he as a broadcaster of Prime cricket for Ben Tony as","He , he earned a fame of later for He , he earned a fame of later for He . he as a broadcaster of cricket for He . he as a broadcaster of Prime cricket for Tony Abbott nington"
"It 's name , - and no of pun . It 's name , and - no of pun . It stand on itsch and no of publicity stunts It stand on itsch and no of publicity stunts contained on","It 's name , - and no of pun . It 's name , and - no of pun . It stand on itsch and no of publicity stunts contained It stand on itsch and no of publicity stunts on","It 's name , - and no of pun . It 's name , and - no of pun . It stand on itsch and no of publicity stunts It stand on itsch and no of publicity stunts on Tweet","It 's name , - and no of pun . It 's name , and - no of pun . It stand on itsch and no of publicity stunts contained It stand on itsch and no of publicity stunts contained","It 's name , - and no of pun . It 's name , and - no of pun . It stand on itsch and no of publicity stunts It stand on itsch and no of publicity stunts on contained"
A in the 1 goal from three once . E A in the 1 goal from three once . E in the all Aaron Ramsey from Burn A once in the all Aaron Ramsey from Burn all A once all,A in the 1 goal from three once . E A in the 1 goal from three once . E in the all Aaron Ramsey from Burn A once in the all Aaron Ramsey from Burn A once all secured,A in the 1 goal from three once . E A in the 1 goal from three once . E in the all Aaron Ramsey from Burn A once in the all Aaron Ramsey from Burn all A once secured,A in the 1 goal from three once . E A in the 1 goal from three once . E in the all Aaron Ramsey from Burn A once in the all Aaron Ramsey from A once all Burn secured,A in the 1 goal from three once . E A in the 1 goal from three once . E in the all Aaron Ramsey from Burn A once in the all Aaron Ramsey from Burn A secured all once
I are not in yet . He found his 's murder so I are not in yet . He found his 's murder so I are not in but of his death so I are not in but of his,I are not in yet . He found his 's murder so I are not in yet . He found his 's murder so I are in but of his death not so I are in but of his death,I are not in yet . He found his 's murder so I are not in yet . He found his 's murder so I are not in but of his troubles so I are not in but of his,I are not in yet . He found his 's murder so I are not in yet . He found his 's murder so I are not in but of his death so I are not in but of He,I are not in yet . He found his 's murder so I are not in yet . He found his 's murder so I are not in but of his troubles so I are not in death but of
University would on a one of the video team by University on a one of the video team flying by on a . of the Congress would flying by on a . of the Congress Member caught by Washington ?,University would on a one of the video team by University on a one of the video team flying by on a . of the Congress would flying by on a . of the Congress ? Washington caught by attack,University would on a one of the video team by University on a one of the video team flying by on a . of the Congress would flying by on a . of the Congress ? Washington caught by attacked,University would on a one of the video team by University on a one of the video team flying by on a . of the Congress would flying by on a . of the Congress Member caught by attacked ?,University would on a one of the video team by University on a one of the video team flying by on a . of the Congress would flying by on a . of the Congress Member caught by Washington carp
Donald in the 6 from 2 to $ iv . in the 6 from 2 to $ iv . in the gifts from Donald Sterling to iano in the gifts from Sterling to iano,Donald in the 6 from 2 to $ iv . in the 6 from 2 to $ iv . in the gifts from Donald Sterling to iano in the gifts from iano to Sterling,Donald in the 6 from 2 to $ iv . in the 6 from 2 to $ iv . in the gifts from Donald Sterling to iano in the gifts from to iano Sterling,Donald in the 6 from 2 to $ iv . in the 6 from 2 to $ iv . in the gifts from Donald Sterling to iano in the gifts to iano from Sterling,Donald in the 6 from 2 to $ iv . in the 6 from 2 to $ iv . in the gifts from Donald Sterling to iano in the gifts from to Sterling iano
"S was a lot significant the "" ki ha . S was a lot significant the "" ki ha . S was a dis injury and the Th abo ut ... S was a dis injury and the Th abo","S was a lot significant the "" ki ha . S was a lot significant the "" ki ha . S was a dis injury and the Th abo S was a dis injury ... the Th abo and ef","S was a lot significant the "" ki ha . S was a lot significant the "" ki ha . S was a dis injury and the Th abo S was a dis injury ... and the Th abo ef","S was a lot significant the "" ki ha . S was a lot significant the "" ki ha . S was a dis injury and the Th abo S was a dis injury and the Th abo ef ...","S was a lot significant the "" ki ha . S was a lot significant the "" ki ha . S was a dis injury and the Th abo ut ... S was a dis injury and the Th ef"
Open it because Chess Tournament Dubai banned . he Open it because Chess Tournament Dubai banned Officials . say it because course he Ga frequ Officials Nigalidze say it because course he Ga Nigalidze he frequ,Open it because Chess Tournament Dubai banned . he Open it because Chess Tournament Dubai banned Officials . say it because course he Ga frequ Officials Nigalidze say it because course he frequ Ga Nigalidze he,Open it because Chess Tournament Dubai banned . he Open it because Chess Tournament Dubai banned Officials . say it because course he Ga frequ Officials Nigalidze say it because course he Nigalidze Ga he frequ,Open it because Chess Tournament Dubai banned . he Open it because Chess Tournament Dubai banned Officials . say it because course he Ga frequ Officials Nigalidze say it because course he Nigalidze frequ he Ga,Open it because Chess Tournament Dubai banned . he Open it because Chess Tournament Dubai banned Officials . say it because course he Ga frequ Officials Nigalidze say it because course he Ga Nigalidze frequ he
NFL players suspended from after a Roger Peterson assault . NFL players suspended from after a Roger Peterson assault . rian Goodell Reggie from a misdemeanor after pleading Commissioner rian him Reggie requires a Goodell after pleading misdemeanor from him,NFL players suspended from after a Roger Peterson assault . NFL players suspended from after a Roger Peterson assault . rian Goodell Reggie from a misdemeanor after pleading Commissioner rian him Reggie requires a Goodell after pleading him from misdemeanor,NFL players suspended from after a Roger Peterson assault . NFL players suspended from after a Roger Peterson assault . rian Goodell Reggie from a misdemeanor after pleading Commissioner rian him Reggie requires a Goodell after pleading misdemeanor reckless from,NFL players suspended from after a Roger Peterson assault . NFL players suspended from after a Roger Peterson assault . rian Goodell Reggie from a misdemeanor after pleading Commissioner rian him Reggie requires a Goodell after pleading misdemeanor reckless him,NFL players suspended from after a Roger Peterson assault . NFL players suspended from after a Roger Peterson assault . rian Goodell Reggie from a misdemeanor after pleading Commissioner rian him Reggie requires a Goodell after pleading misdemeanor from reckless
Kings who is in the sport since 2008 of Kings who is in the sport since 2008 of with who is in the reportedly involved in with who is the reportedly involved with of of with,Kings who is in the sport since 2008 of Kings who is in the sport since 2008 of with who is in the reportedly involved in with who is the reportedly involved with of with of,Kings who is in the sport since 2008 of Kings who is in the sport since 2008 of with who is in the reportedly involved in with who is the reportedly involved of with of with,Kings who is in the sport since 2008 of Kings who is in the sport since 2008 of with who is in the reportedly involved in with who is the involved with of reportedly with of,Kings who is in the sport since 2008 of Kings who is in the sport since 2008 of with who is in the reportedly involved in with who is the reportedly involved of with with of
I m ry . on itt chen br Britt I m ry . on itt chen br Britt I m hashtag popular on McHenry McHenry I m hashtag popular on,I m ry . on itt chen br Britt I m ry . on itt chen br Britt I m popular on McHenry hashtag McHenry I m popular on hashtag,I m ry . on itt chen br Britt I m ry . on itt chen br Britt I m popular on McHenry hashtag McHenry I m popular hashtag on,I m ry . on itt chen br Britt I m ry . on itt chen br Britt I m hashtag popular on McHenry McHenry I m hashtag on popular,I m ry . on itt chen br Britt I m ry . on itt chen br Britt I m popular on McHenry hashtag McHenry I m hashtag on popular
P just had a ride his around the . ist just an epic ride his around the a . ist just an epic cycle his had the Wang Ping just days a cycle his had the Wang P Ping days,P just had a ride his around the . ist just an epic ride his around the a . ist just an epic cycle his had the Wang Ping just days a cycle his had the Wang P Ping an,P just had a ride his around the . ist just an epic ride his around the a . ist just an epic cycle his had the Wang Ping just days a P cycle his the Wang Ping had an,P just had a ride his around the . ist just an epic ride his around the a . ist just an epic cycle his had the Wang Ping just days a P cycle his the Wang Ping an China,P just had a ride his around the . ist just an epic ride his around the a . ist just an epic cycle his had the Wang Ping just days a cycle his had the Wang Ping an China
"C . Air Torrey , a Board ( Transportation C . Air Torrey , a Board ( Transportation Safety That 414 National crashed a plane Coach Ward rence That reports 414 National crashed a plane Safety That reports rence Coach","C . Air Torrey , a Board ( Transportation C . Air Torrey , a Board ( Transportation Safety That 414 National crashed a plane Coach Ward rence That reports 414 National crashed a plane Safety That rence Coach Ward","C . Air Torrey , a Board ( Transportation C . Air Torrey , a Board ( Transportation Safety That 414 National crashed a plane Coach Ward rence That reports 414 National crashed a plane Safety That rence Coach reports","C . Air Torrey , a Board ( Transportation C . Air Torrey , a Board ( Transportation Safety That 414 National crashed a plane Coach Ward rence That reports 414 National crashed a plane Safety That reports rence Ward","C . Air Torrey , a Board ( Transportation C . Air Torrey , a Board ( Transportation Safety That 414 National crashed a plane Coach Ward rence That 414 National crashed a plane Safety That rence Coach Ward That"
"Massachusetts . the 's is in murder , first degree . the 's is in murder , first degree case the jury is in deliber Hernandez charged Massachusetts case the jury is in deliber Hernandez charged","Massachusetts . the 's is in murder , first degree . the 's is in murder , first degree case the jury is in deliber Massachusetts Hernandez charged case the jury is in deliber Hernandez charged","Massachusetts . the 's is in murder , first degree . the 's is in murder , first degree case the jury is in deliber Hernandez charged Massachusetts case the jury is in Hernandez charged deliber","Massachusetts . the 's is in murder , first degree . the 's is in murder , first degree case the jury is in deliber Hernandez charged Massachusetts case the jury is in charged Hernandez deliber","Massachusetts . the 's is in murder , first degree . the 's is in murder , first degree case the jury is in deliber Hernandez charged Massachusetts case the jury is in Hernandez deliber charged"
P in last second on pole . start ushed into in last second on pole . start ushed in Ros P on into China teammate in Ros on into China teammate into,P in last second on pole . start ushed into in last second on pole . start ushed in Ros P on into China teammate in Ros on China teammate into into,P in last second on pole . start ushed into in last second on pole . start ushed in Ros P on into China teammate Ros in on China teammate into into,P in last second on pole . start ushed into in last second on pole . start ushed in Ros P on into China teammate in Ros on into teammate China into,P in last second on pole . start ushed into in last second on pole . start ushed in Ros P on into teammate China in Ros on teammate China into into
It were in . by New England Patriots and used for corruption in . by New England Patriots and used for corruption in championship game It were why and for balls in by championship game It were why and for,It were in . by New England Patriots and used for corruption in . by New England Patriots and used for corruption in championship game It were why and by for in championship game It were why and by for,It were in . by New England Patriots and used for corruption in . by New England Patriots and used for corruption in championship game It were why and for balls in championship game It were why and for balls,It were in . by New England Patriots and used for corruption in . by New England Patriots and used for corruption in championship game It were why and for balls in championship game It were why and by for,It were in . by New England Patriots and used for corruption in . by New England Patriots and used for corruption in championship game It were why and by for in championship game It were why balls and by
Sunday year Schuyler in scar three down fed ste Sunday ams Schuyler in 72 scar three down fed year ams in 72 ste aks down Amar ounce in aks Amar ounce down,Sunday year Schuyler in scar three down fed ste Sunday ams Schuyler in 72 scar three down fed year ams in 72 ste aks down Amar ounce in aks down Amar ounce,Sunday year Schuyler in scar three down fed ste Sunday ams Schuyler in 72 scar three down fed year ams in 72 ste aks down Amar ounce in aks down ounce Amar,Sunday year Schuyler in scar three down fed ste Sunday ams Schuyler in 72 scar three down fed ste ams in 72 aks down year ounce in aks down Amar ounce Amar,Sunday year Schuyler in scar three down fed ste Sunday ams Schuyler in 72 scar three down fed ste ams in 72 aks down year ounce in aks Amar ounce down Amar
"I find the right to watch : A , I and the right to watch : A , I find life and time for the player A to waste life and I for the time A player to waste and","I find the right to watch : A , I and the right to watch : A , I find life and time for the player A to waste life and I for the time A player to waste but","I find the right to watch : A , I and the right to watch : A , I find life and time for the player A to waste life and I for the player A to waste time and","I find the right to watch : A , I and the right to watch : A , I find life and time for the player A to waste life and I for the time A player to waste guilty","I find the right to watch : A , I and the right to watch : A , I find life and time for the player A to guilty I and time for the player A to waste life and"
"Jones is involved in a crash which injured or pregnant , Jones is in a crash which injured or was pregnant is involved in a . , or was confirm which is in . or was a confirm which was","Jones is involved in a crash which injured or pregnant , Jones is in a crash which injured or was pregnant is involved in a . , or was confirm which is in . or was confirm a which was","Jones is involved in a crash which injured or pregnant , Jones is in a crash which injured or was pregnant is involved in a . , or was confirm which is in . or was a confirm which whether","Jones is involved in a crash which injured or pregnant , Jones is in a crash which injured or was pregnant is involved in a . , or was confirm which is in . or was a confirm whether was","Jones is involved in a crash which injured or pregnant , Jones is in a crash which injured or was pregnant is involved in a . , or was confirm which is in . or was confirm which a was"
More part about the 50 says were 100 boats . More about the 50 says were 100 boats . More about the Mobile Bay part were took rescued More about the Mobile Bay were rescued took sail Guard sail Guard,More part about the 50 says were 100 boats . More about the 50 says were 100 boats . More about the Mobile Bay part were took sail More about the Mobile Bay were sail took rescued Guard rescued Guard,More part about the 50 says were 100 boats . More about the 50 says were 100 boats . More about the Mobile Bay part were took sail More about the Mobile Bay took were rescued sail Guard rescued Guard,More part about the 50 says were 100 boats . More about the 50 says were 100 boats . More about the Mobile Bay part were took sail More about the Mobile Bay took sail were rescued Guard rescued Guard,More part about the 50 says were 100 boats . More about the 50 says were 100 boats . More about the Mobile Bay part were took sail More about the Mobile Bay took were sail rescued Guard rescued Guard
Pac has tickets to . who was ino 's 900 has 800 tickets to . who was ino 's 900 has 800 to : friends who was Pac Manny Mach iao want to : friends who was Manny Mach iao,Pac has tickets to . who was ino 's 900 has 800 tickets to . who was ino 's 900 has 800 to : friends who was Pac Manny iao want to : friends who has was Manny iao want,Pac has tickets to . who was ino 's 900 has 800 tickets to . who was ino 's 900 has 800 to : friends who was Pac Manny iao want to : friends who has was Manny Mach iao,Pac has tickets to . who was ino 's 900 has 800 tickets to . who was ino 's 900 has 800 to : friends who was Pac Manny iao want to : friends who has was Manny iao Mach,Pac has tickets to . who was ino 's 900 has 800 tickets to . who was ino 's 900 has 800 to : friends who was Pac Manny iao want to : friends who was has Manny iao want
Trump up a Pacquiao set the 's an ino Trump ito a Pacquiao set the 's an ino Manny ito a meeting between the TV exec up . an a meeting between the TV exec up riel . Manny Mach,Trump up a Pacquiao set the 's an ino Trump ito a Pacquiao set the 's an ino Manny ito a meeting between the TV exec up . an a meeting between the TV exec up riel . an Manny,Trump up a Pacquiao set the 's an ino Trump ito a Pacquiao set the 's an ino Manny ito a meeting between the TV exec up . an a meeting between the TV exec up riel . an initial,Trump up a Pacquiao set the 's an ino Trump ito a Pacquiao set the 's an ino Manny ito a meeting between the TV exec up . an a meeting between the TV exec up riel . an trainer,Trump up a Pacquiao set the 's an ino Trump ito a Pacquiao set the 's an ino Manny ito a meeting between the TV exec up . an a meeting between the TV exec up riel . Manny an
When . he golf ity to control and balance power . When he golf ity to control and balance power When he fluid movement to swing and Jordan Spieth When he fluid movement to swing and Jordan Spieth demonstrated enhance,When . he golf ity to control and balance power . When he golf ity to control and balance power When he fluid movement to swing and Jordan Spieth When he fluid movement to swing and Jordan Spieth demonstrated optimal,When . he golf ity to control and balance power . When he golf ity to control and balance power When he fluid movement to swing and Jordan Spieth When he fluid movement to swing and Jordan Spieth optimal enhance,When . he golf ity to control and balance power . When he golf ity to control and balance power When he fluid movement to swing and Jordan demonstrated When he fluid movement to swing and Jordan demonstrated Spieth optimal,When . he golf ity to control and balance power . When he golf ity to control and balance power When he fluid movement to swing and Jordan demonstrated When he fluid movement to swing and Jordan Spieth demonstrated enhance
Chinese to beat the in medal at Grand Prix . to beat for the medal at Grand Prix . to victory for the in Nico Hamilton at Silver Chinese to Lewis for the in Nico Hamilton victory at Silver for,Chinese to beat the in medal at Grand Prix . to beat for the medal at Grand Prix . to victory for the in Nico Hamilton at Silver Chinese to Lewis for the in Nico Hamilton victory at Silver Lewis,Chinese to beat the in medal at Grand Prix . to beat for the medal at Grand Prix . to victory for the in Nico Hamilton at Silver Chinese to Lewis for the Nico Hamilton victory in Silver at Lewis,Chinese to beat the in medal at Grand Prix . to beat for the medal at Grand Prix . to victory for the in Nico Hamilton at Silver Chinese to Lewis for the in Nico Hamilton victory at Silver Ros,Chinese to beat the in medal at Grand Prix . to beat for the medal at Grand Prix . to victory for the in Nico Hamilton at Silver Chinese to Lewis for the in Nico Hamilton victory at Silver claims
"Red phy has a part , the kel muscular dy phy has a part , the kel muscular dy took has a 2015 Boston Red Marathon the aic took Mel has a 2015 Boston Marathon the aic amed Mel stro","Red phy has a part , the kel muscular dy phy has a part , the kel muscular dy took has a 2015 Boston Red Marathon the aic took Mel has a 2015 Boston Marathon the aic Mel stro amed","Red phy has a part , the kel muscular dy phy has a part , the kel muscular dy took has a 2015 Boston Red Marathon the aic took Mel has a 2015 Boston Marathon the aic Mel amed stro","Red phy has a part , the kel muscular dy phy has a part , the kel muscular dy took has a 2015 Boston Red Marathon the aic took Mel has a Boston Marathon 2015 the aic Mel stro amed","Red phy has a part , the kel muscular dy phy has a part , the kel muscular dy took has a 2015 Boston Red Marathon the aic took Mel has a Boston Marathon 2015 the aic Mel amed stro"
"Kim , has long time in his to term Kim , has long time in his to term girlfriend star has Sears Dunblane in his to wed girlfriend star has Dunblane in his Sears to wed Andy Andy","Kim , has long time in his to term Kim , has long time in his to term girlfriend star has Sears Dunblane in his to wed girlfriend star has Dunblane in his to Sears Andy wed Andy","Kim , has long time in his to term Kim , has long time in his to term girlfriend star has Sears Dunblane in his to wed girlfriend star has Dunblane in his Sears to Andy wed Andy","Kim , has long time in his to term Kim , has long time in his to term girlfriend star has Andy Sears in his Dunblane to girlfriend star has Andy in his Dunblane to Sears wed wed","Kim , has long time in his to term Kim , has long time in his to term girlfriend star has Sears Dunblane in his to wed girlfriend star has Dunblane in his to Andy Sears wed Andy"
"Pac , this a tune to fight . but in , this a tune to fight . but in Jonathan - see this to a qu : in Jonathan - see this to a qu : Pac Mayweather in Millions","Pac , this a tune to fight . but in , this a tune to fight . but in Jonathan - see this to a qu : in Jonathan - see this to a qu : Pac Mayweather in but","Pac , this a tune to fight . but in , this a tune to fight . but in Jonathan - see this to a qu : in Jonathan - see this to a qu : Pac Mayweather in enge","Pac , this a tune to fight . but in , this a tune to fight . but in Jonathan - see this : a to qu in Jonathan - see this : a to qu in but enge Pac","Pac , this a tune to fight . but in , this a tune to fight . but in Jonathan - see this : a to qu in Jonathan - see this : a to qu in enge but Millions"
Hall - the Baltimore Orioles past game on . Hall - closed door the past game on . Baltimore Orioles also closed door should the tweets on Famer Fame also unrest postponed should the tweets on Famer Fame should leads,Hall - the Baltimore Orioles past game on . Hall - closed door the past game on . Baltimore Orioles also closed door should the tweets on Famer Fame also unrest postponed should the tweets on Famer Fame should unrest,Hall - the Baltimore Orioles past game on . Hall - closed door the past game on . Baltimore Orioles also closed door should the tweets on Famer leads also unrest Fame should the tweets on Famer leads unrest should,Hall - the Baltimore Orioles past game on . Hall - closed door the past game on . Baltimore Orioles also closed door should the tweets on Famer leads also unrest Fame should the tweets on Famer leads should Fame,Hall - the Baltimore Orioles past game on . Hall - closed door the past game on . Baltimore Orioles also closed door should the tweets on Famer Fame also unrest postponed should the tweets on Famer Fame should postponed
I was . the birthday boy which led has I was . the birthday boy which led has I was Frank Sin Just the 1941 title which has I was Frank Sin Just the 1941 title which has Just Kaminsky,I was . the birthday boy which led has I was . the birthday boy which led has I was Frank Sin Just the 1941 title which has I was Frank Sin Just the 1941 title which has Kaminsky Just,I was . the birthday boy which led has I was . the birthday boy which led has I was Frank Sin Just the 1941 title which has I was Frank Sin Just the 1941 title which Just has Kaminsky,I was . the birthday boy which led has I was . the birthday boy which led has I was Frank Sin Just the 1941 title which has I was Frank Sin Just the 1941 title which Just Kaminsky has,I was . the birthday boy which led has I was . the birthday boy which led has I was Frank Sin Just the 1941 title which has I was Frank Sin Just the 1941 title which has Just inski
"Masters . Berdych wins , 0 - 4 5 7 . Berdych wins , 0 - 5 7 Defeats 4 Monte Carlo Masters Defeats Monte Carlo","Masters . Berdych wins , 0 - 4 7 Defeats . Berdych wins 5 0 - 4 Defeats 7 , 5 Masters Monte Carlo Monte Carlo","Masters . Berdych wins , 0 - 4 7 Defeats . Berdych wins 5 0 - 4 Defeats 7 , 5 Masters Monte Carlo Carlo Monte","Masters . Berdych wins , 0 - 4 5 7 . Berdych wins , 0 - 5 7 Defeats 4 Monte Masters Defeats Monte Carlo Carlo","Masters . Berdych wins , 0 - 4 5 7 . Berdych wins , 0 - 5 7 Defeats 4 Carlo Masters Defeats Monte Carlo Monte"
Now two . players - White of Baltimore due to two Orioles players - White . Now due to game of Baltimore Orioles ing riot planned onement caused to game of postp Now riot planned onement caused to postp Now,Now two . players - White of Baltimore due to two Orioles players - White . Now due to game of Baltimore Orioles ing riot planned onement caused to game of postp Now riot planned onement caused to of Now,Now two . players - White of Baltimore due to two Orioles players - White . Now due to game of Baltimore Orioles ing riot planned onement caused to game of postp Now riot planned onement caused to third of,Now two . players - White of Baltimore due to two Orioles players - White . Now due to game of Baltimore Orioles ing riot planned onement caused to game of postp Now riot planned onement caused to of postp,Now two . players - White of Baltimore due to two Orioles players - White . Now due to game of Baltimore Orioles ing riot planned onement caused to game of postp Now riot planned onement caused to postp of
Green had to a repair his Achilles and open an heart surgery to repair his a Achilles and open an heart surgery to Jeff a Green had his an eur and 2011 to Jeff a had his an eur and,Green had to a repair his Achilles and open an heart surgery to repair his a Achilles and open an heart surgery to Jeff a Green had his eur and 2011 to Jeff a an had his eur and 2011,Green had to a repair his Achilles and open an heart surgery to repair his a Achilles and open an heart surgery to Jeff a Green had his eur and 2011 to Jeff an a had his eur and 2011,Green had to a repair his Achilles and open an heart surgery to repair his a Achilles and open an heart surgery to Jeff a Green had his an eur and 2011 to Jeff a had his an eur ys,Green had to a repair his Achilles and open an heart surgery to repair his a Achilles and open an heart surgery to Jeff a Green had his an eur and 2011 to Jeff a had his an eur 2011
Nation thats inspired by friends . Moore Fit Bit group thats inspired by friends . Moore Fit Nation by group participant Erica Bit by participant Erica,Nation thats inspired by friends . Moore Fit Bit group thats inspired by friends . Moore Fit Nation by group participant Bit by participant Erica Erica,Nation thats inspired by friends . Moore Fit Bit group thats inspired by friends . Moore Fit Nation by group participant Erica Bit by Erica participant,Nation thats inspired by friends . Moore Fit Bit group thats inspired by friends . Moore Fit Nation by group participant Bit by Erica participant Erica,Nation thats inspired by friends . Moore Fit Bit group thats inspired by friends . Moore Fit Bit group by participant Erica Nation by participant Erica
"Pac for 1 million , on v of p . Pac for 1 million , on v of p . for stake sale 180 qu online of Mayweather on for stake sale 180 qu of Mayweather online on Majority Majority","Pac for 1 million , on v of p . Pac for 1 million , on v of p . for stake sale 180 qu online of Mayweather on for stake sale 180 qu online of Mayweather on Majority Majority","Pac for 1 million , on v of p . Pac for 1 million , on v of p . for stake sale 180 qu online of Mayweather on for stake sale 180 qu of Mayweather on online Majority Majority","Pac for 1 million , on v of p . Pac for 1 million , on v of p . for stake sale 180 qu online of Mayweather on for stake sale 180 qu of Mayweather on Majority online Majority","Pac for 1 million , on v of p . Pac for 1 million , on v of p . for stake sale 180 qu online of Mayweather on for stake sale 180 qu on of Mayweather online Majority Majority"
The to up as fans oc . eat local tacos The to up as fans oc . eat local tacos The to up as flying idea # Omaha excited The to up as flying idea # Omaha excited annon ac,The to up as fans oc . eat local tacos The to up as fans oc . eat local tacos The to up as flying idea # Omaha excited The to up as flying idea # Omaha excited ac aster,The to up as fans oc . eat local tacos The to up as fans oc . eat local tacos The to up as flying idea # Omaha excited The to up as flying idea # Omaha excited aster trends,The to up as fans oc . eat local tacos The to up as fans oc . eat local tacos The to up as flying idea # Omaha excited The to up as flying idea # Omaha excited aster ac,The to up as fans oc . eat local tacos The to up as fans oc . eat local tacos The to up as flying idea # Omaha excited The to up as flying idea # Omaha excited ac annon
Vegas player remains 's world champion beating . Charlotte leading player remains 's world champion beating . Charlotte leading Vegas rider Dujardin dress age contest Dujardin rider dress age contest,Vegas player remains 's world champion beating . Charlotte leading player remains 's world champion beating . Charlotte leading Vegas rider Dujardin dress contest age age Dujardin rider dress contest,Vegas player remains 's world champion beating . Charlotte leading player remains 's world champion beating . Charlotte leading Vegas rider Dujardin dress contest age age Dujardin dress contest rider,Vegas player remains 's world champion beating . Charlotte Vegas leading player remains 's world champion beating . Charlotte leading rider Dujardin dress age contest Dujardin rider dress age contest,Vegas player remains 's world champion beating . Charlotte leading player remains 's world champion beating . Charlotte leading Vegas rider Dujardin dress age contest Dujardin rider dress contest age
"Las to complete . atlantic human business trip , orses to complete . atlantic human business trip , orses to ' luxury class Las trans 80 fans 1938 to ' luxury class 1938 fans trans 80","Las to complete . atlantic human business trip , orses to complete . atlantic human business trip , orses to ' luxury class Las trans 80 fans 1938 to ' luxury class 1938 fans 80 trans","Las to complete . atlantic human business trip , orses to complete . atlantic human business trip , orses to ' luxury class Las trans 80 fans 1938 to ' luxury class 80 fans 1938 trans","Las to complete . atlantic human business trip , orses to complete . atlantic human business trip , orses to ' luxury class Las trans 80 fans 1938 to ' luxury class 80 fans trans 1938","Las to complete . atlantic human business trip , orses to complete . atlantic human business trip , orses to ' luxury class Las trans 80 fans 1938 to ' luxury 80 class fans trans 1938"
Ice as well - ha the kid made his biggest display of autistic as well - made him the biggest display of his autistic kid ! . ha the him of his younger brother second ! . the him of,Ice as well - ha the kid made his biggest display of autistic as well - made him the biggest display of his autistic kid ! . ha the him of his younger brother ! . as the second of,Ice as well - ha the kid made his biggest display of autistic as well - made him the biggest display of his autistic kid ! . ha the him of his younger brother second ! . the as of,Ice as well - ha the kid made his biggest display of autistic as well - made him the biggest display of his autistic kid ! . ha the him of his younger sibling ! . as the second of,Ice as well - ha the kid made his biggest display of autistic as well - made him the biggest display of his autistic kid ! . ha the him of his younger brother ! . as the second sibling
"The have and already been rejected six times : The 's lawyer already have been rejected six times : The 's lawyer have been man and exposed "" The false accusations have been man and exposed K false accusations ""","The have and already been rejected six times : The 's lawyer already have been rejected six times : The 's lawyer have been man and exposed "" The false accusations have been man and exposed "" K false accusations","The have and already been rejected six times : The 's lawyer already have been rejected six times : The 's lawyer have been man and exposed "" The false accusations have been man and exposed "" false accusations and","The have and already been rejected six times : The 's lawyer already have been rejected six times : The 's lawyer have been man and exposed "" The false accusations have been man and exposed K false "" accusations","The have and already been rejected six times : The 's lawyer already have been rejected six times : The 's lawyer have been man and exposed "" The false accusations have been man and exposed "" false accusations berg"
New is also a star and Patriots with Aaron New Zealand is also a star and Patriots with Aaron England . Zealand is a murder and charged with England . to is a murder and charged with guilty to ex,New is also a star and Patriots with Aaron New Zealand is also a star and Patriots with Aaron England . Zealand is a murder and charged with England . ex is a murder and to charged with guilty to,New is also a star and Patriots with Aaron New Zealand is also a star and Patriots with Aaron England . Zealand is a murder and charged with England . to is a murder and charged with to ex guilty,New is also a star and Patriots with Aaron New Zealand is also a star and Patriots with Aaron England . Zealand is a murder and charged with England . ex is a murder and to charged with ex to,New is also a star and Patriots with Aaron New Zealand is also a star and Patriots with Aaron England . Zealand is a murder and charged with England . ex is a murder and charged with to ex guilty
As a Fighter in National League . Many Leighton ockey b wins in a row . As National League Many win in a row Leighton ockey b 1 shot As in a Grand Slam win wins 1 shot As Grand,As a Fighter in National League . Many Leighton ockey b wins in a row . As National League Many win in a row Leighton ockey b 1 shot As in a Grand Slam win wins 1 shot Fighter As,As a Fighter in National League . Many Leighton ockey b wins in a row . As National League Many win in a row Leighton ockey b 1 shot As in a Grand Slam win wins 1 Fighter As Grand,As a Fighter in National League . Many Leighton ockey b wins in a row . As National League Many win in a row Leighton ockey b 1 shot As in a Grand Slam win wins 1 shot As Fighter,As a Fighter in National League . Many Leighton ockey b wins in a row . As National League Many win in a row Leighton ockey b 1 shot As in a Grand Slam win wins 1 shot As j
Armand by aul to set his v pole eighth world Armand by soaring above his v pole to set world by soaring above eighth to his aul by above to his Duplantis above Duplantis,Armand by aul to set his v pole eighth world Armand by soaring above his v pole to set world by soaring above his eighth to aul by above his to above Duplantis Duplantis,Armand by aul to set his v pole eighth world Armand by soaring above his v pole to set world by soaring above his eighth to aul by above his to Duplantis above Duplantis,Armand by aul to set his v pole eighth world Armand by soaring above his v pole to eighth world set by soaring above his to aul by above his to above Duplantis Duplantis,Armand by aul to set his v pole eighth world Armand by soaring above his v pole to set world by soaring above eighth to his aul by above to his above Duplantis Duplantis
T in game On f champion chess player broke T in game On f champion chess player broke T e in und ra ak On oya iger T e by in und ra ak On oya iger by marathon au,T in game On f champion chess player broke T in game On f champion chess player broke T e in und ra ak On oya iger T e in und ra ak On oya iger by marathon au by,T in game On f champion chess player broke T in game On f champion chess player broke T e in und ra ak On oya iger T e in und ra ak On oya iger by marathon au au,T in game On f champion chess player broke T in game On f champion chess player broke T e in und ra ak On oya iger T e in und ra ak On oya iger marathon by au au,T in game On f champion chess player broke T in game On f champion chess player broke T e in und ra ak On oya iger T e in und ra ak On oya iger marathon by au by
London with a women starting to break for at 's London elite with a women starting to break for at 's expected with a aiming to Marathon for at elite runners with a aiming to Marathon for runners at Children,London with a women starting to break for at 's London elite with a women starting to break for at 's expected with a aiming to Marathon for at elite runners with a aiming to Marathon for runners at expected,London with a women starting to break for at 's London elite with a women starting to break for at 's expected with a aiming to Marathon for at elite runners with a aiming to Marathon for runners at participants,London with a women starting to break for at 's London elite with a women starting to break for at 's expected with a aiming to Marathon for at elite runners with a aiming to Marathon for at Children participants,London with a women starting to break for at 's London elite with a women starting to break for at 's expected with a aiming to Marathon for at elite runners with a aiming to Marathon for at Children expected
African because of the investigation revealed that an fin ishers because three of the revealed runners that an investigation fin because of the Marathon runners that an African after Half because of the Marathon that three after Half Beijing an,African because of the investigation revealed that an fin ishers because three of the revealed runners that an investigation fin because of the Marathon runners that an African after Half because of the Marathon that an disqualified three after Half,African because of the investigation revealed that an fin ishers because three of the revealed runners that an investigation fin because of the Marathon runners that an African after Half because of the Marathon that three after Half Beijing disqualified,African because of the investigation revealed that an fin ishers because three of the revealed runners that an investigation fin because of the Marathon runners that an African after Half because of the Marathon that three after Half an disqualified,African because of the investigation revealed that an fin ishers because three of the revealed runners that an investigation fin because of the Marathon runners that an African after Half because of the Marathon that three after Half an Beijing
"Arizona . and the 's NHL , with Utah Arizona Coyotes rumors and the 's NHL , with Utah Coyotes rumors . the fans and officials with potentially discusses rel ocating with the officials and potentially ocating rel discusses fans","Arizona . and the 's NHL , with Utah Arizona Coyotes rumors and the 's NHL , with Utah Coyotes rumors . the fans and officials with potentially discusses rel ocating with the officials and potentially rel ocating discusses fans","Arizona . and the 's NHL , with Utah Arizona Coyotes rumors and the 's NHL , with Utah Coyotes rumors . the fans and officials with potentially discusses rel ocating with the officials and potentially rel ocating fans discusses","Arizona . and the 's NHL , with Utah Arizona Coyotes rumors and the 's NHL , with Utah Coyotes rumors . the fans and potentially officials with discusses rel ocating with the fans and potentially rel ocating officials discusses","Arizona . and the 's NHL , with Utah Arizona Coyotes rumors and the 's NHL , with Utah Coyotes rumors . the fans and officials with potentially discusses rel ocating with the fans and potentially rel ocating officials discusses"
Paris Maybe Olympics announced new 2024 season basketball men roster Maybe Paris Olympics announced new basketball men roster 2024 season,Paris Maybe Olympics announced new 2024 season basketball men roster Maybe Paris Olympics announced new basketball season men roster 2024,Paris Maybe Olympics announced new 2024 season basketball men roster Maybe Paris Olympics announced new basketball season men 2024 roster,Paris Maybe Olympics announced new 2024 season basketball men roster Maybe Paris Olympics announced new basketball season roster 2024 men,Paris Maybe Olympics announced new 2024 season basketball men roster Maybe Paris Olympics announced new season basketball roster 2024 men
Team that is in the NBA just for his fit and that is in the NBA just for his fit and that is in the USA just for his Team and that is in the USA just for his and,Team that is in the NBA just for his fit and that is in the NBA just for his fit and that is in the USA just for his Team and that is in the USA just for his .,Team that is in the NBA just for his fit and that is in the NBA just for his fit and that is in the USA just for his Team and that is in the USA just for his want,Team that is in the NBA just for his fit and that is in the NBA just for his fit and that is in the USA just for his Team and that is in the USA just for his into,Team that is in the NBA just for his fit and that is in the NBA just for his fit and that is in the USA just for his Team and that is in the USA just for his roster
Se over six year with US at losing match win over . Se six year with US at win over . losing match with Qatar at Alexandre over snapped Muller with Qatar at Alexandre snapped Muller,Se over six year with US at losing match win over . Se six year with US at win over . losing match with Qatar at Alexandre over snapped Muller with Qatar at Alexandre Muller snapped,Se over six year with US at losing match win over . Se six year with US at win over . losing match with Qatar at Alexandre over snapped Muller Alexandre with Qatar at Muller snapped,Se over six year with US at losing match win over . Se six year with US at win over . losing match with Qatar at Muller over Alexandre snapped with Qatar at Alexandre Muller snapped,Se over six year with US at losing match win over . Se six year with US at win over . losing match with Qatar at Alexandre over snapped Muller with at Alexandre Muller Qatar snapped
"Alonso has a winning record of Leverkusen - 1 game unbeaten has led to a winning record of Leverkusen - 1 game has led to a . 44 run of 's unbeaten , to a . 44 run of 's",Alonso has a winning record of Leverkusen - 1 game unbeaten has led to a winning record of Leverkusen - 1 game has led to a . 44 run of 's unbeaten has to a . 44 run of 's,"Alonso has a winning record of Leverkusen - 1 game unbeaten has led to a winning record of Leverkusen - 1 game has led to a . 44 run of 's unbeaten , to a . 44 run of Alonso","Alonso has a winning record of Leverkusen - 1 game unbeaten has led to a winning record of Leverkusen - 1 game has led to a . 44 run of 's unbeaten , to a . 44 run of management","Alonso has a winning record of Leverkusen - 1 game unbeaten has led to a winning record of Leverkusen - 1 game has led to a . 44 run of 's unbeaten , to a . 44 run of Bayer"
"Champions , in the finals final with a draw against Bayern in the finals , with a final draw against Champions the Bayern in Munich . with a quarter against the due in Munich . with a due against quarter","Champions , in the finals final with a draw against Bayern in the finals , with a final draw against Champions the Bayern Munich with a . in quarter against the secured Munich with a . in secured against quarter","Champions , in the finals final with a draw against Bayern in the finals , with a final draw against Champions the Bayern Munich with a . in quarter against the secured Munich with a . in secured quarter against","Champions , in the finals final with a draw against Bayern in the finals , with a final draw against Champions the Bayern Munich with a . in quarter against the secured Munich with a . in secured against due","Champions , in the finals final with a draw against Bayern in the finals , with a final draw against Champions the Bayern in Munich . with a quarter against the due in Munich . with a due against secured"
"The is legend Michael 's private jet L. , The ultra is Michael 's private jet L. - The ultra is golf legend , Florida paradise - The Grove is golf Florida paradise Grove XXIII asketball XXIII asketball","The is legend Michael 's private jet L. , The ultra is Michael 's private jet L. - The ultra is golf legend , Florida paradise - The Grove is golf Florida paradise Grove XXIII asketball asketball XXIII","The is legend Michael 's private jet L. , The ultra is Michael 's private jet L. - The ultra is golf legend , Florida paradise - The Grove is golf paradise Florida Grove XXIII asketball XXIII asketball","The is legend Michael 's private jet L. , The ultra is Michael 's private jet L. - The ultra is golf legend , Florida paradise - The Grove is golf Florida paradise Grove asketball XXIII XXIII asketball","The is legend Michael 's private jet L. , The ultra is Michael 's private jet L. - The ultra is golf legend , Florida paradise - The Grove is golf Florida paradise XXIII Grove asketball XXIII asketball"
"Gu is in the winning driver talent , his Leclerc is in the winning driver talent , his Leclerc is in the racing during ari Charles showcasing his esports is in the racing during ari Charles showcasing his esports during","Gu is in the winning driver talent , his Leclerc is in the winning driver talent , his Leclerc is in the racing during ari Charles showcasing his lockdown in the racing during ari Charles showcasing his lockdown during is","Gu is in the winning driver talent , his Leclerc is in the winning driver talent , his Leclerc is in the racing during ari Charles showcasing his lockdown in the racing during ari Charles showcasing his lockdown during esports","Gu is in the winning driver talent , his Leclerc is in the winning driver talent , his Leclerc is in the racing during ari Charles showcasing his esports is in the racing during ari Charles showcasing his lockdown during","Gu is in the winning driver talent , his Leclerc is in the winning driver talent , his Leclerc is in the racing during ari Charles showcasing his lockdown in the racing during ari Charles showcasing his lockdown during Gu"
E and Michael are going to Formula One for E . and Michael are going to Sch Formula One for um Eight . and are up to Sch for um Eight legend and are up to 's collection for luxury,E and Michael are going to Formula One for E . and Michael are going to Sch Formula One for um Eight . and are up to Sch for um Eight legend and are up to 's watches for auction,E and Michael are going to Formula One for E . and Michael are going to Sch Formula One for um Eight . and are up to Sch for um Eight legend and are up to 's watches for collection,E and Michael are going to Formula One for E . and Michael are going to Sch Formula One for um Eight . and are up to Sch for um Eight legend and are up to 's collection for auction,E and Michael are going to Formula One for E . and Michael are going to Sch Formula One for um Eight . and are up to Sch for um Eight legend and are up to 's watches for mitt
"White at the 92 center has died y , . White at the 92 center has died y , . the manager has Herzog y at the manager has y Herzog at","White at the 92 center has died y , . White at the 92 center has died y , . the manager has Herzog at y Herzog manager has the y at","White at the 92 center has died y , . White at the 92 center has died y , . the manager has Herzog y at the manager has at y Herzog","White at the 92 center has died y , . White at the 92 center has died y , . the manager has Herzog y at the manager has y at Herzog","White at the 92 center has died y , . White at the 92 center has died y , . the manager has Herzog y at the manager Herzog y at has"
"Cleveland team was as to Warriors future raises questions , Cleveland team was as to Warriors future raises questions , was as loss to Sacramento Kings loss was to Sacramento Kings as","Cleveland team was as to Warriors future raises questions , Cleveland team was as to Warriors future raises questions , was as loss to Sacramento Kings as was to Sacramento Kings loss","Cleveland team was as to Warriors future raises questions , Cleveland team was as to Warriors future raises questions , was as loss to Sacramento Kings Kings as loss to Sacramento was","Cleveland team was as to Warriors future raises questions , Cleveland team was as to Warriors future raises questions , was as loss to Sacramento Kings Kings as was to Sacramento loss","Cleveland team was as to Warriors future raises questions , Cleveland team was as to Warriors future raises questions , was as loss to Sacramento Kings loss was to Sacramento as Kings"
the women in games for team 's out first the women in games for team 's out first the in final for rated  out for the final in  out rated,the women in games for team 's out first the women in games for team 's out first the final in for rated  out for the final in  out rated,the women in games for team 's out first the women in games for team 's out first the in final for rated  out for in the  final out rated,the women in games for team 's out first the women in games for team 's out first the in final for rated  out for the final in out  rated,the women in games for team 's out first the women in games for team 's out first the final in for rated  out for the final in out  rated
"He Bron James for 2024 , declares draft . He Bron James for 2024 , . He declares for draft He for","He Bron James for 2024 , declares draft . He Bron James for 2024 , draft . He declares for He for","He Bron James for 2024 , declares draft . He Bron James for 2024 , draft . He for declares He for","He Bron James for 2024 , declares draft . He Bron James for 2024 , declares draft for . He for He","He Bron James for 2024 , declares draft . He Bron James for 2024 , draft declares for . He for He"
