The,office,subsequently,been,held,by,one,of,though,necessarily,most
Both,recorded,seven,but,Michigan,recorded,more,penalty
By,the,he,believed,he,provided,the,with,fresh,perspective,on,their,he
I,I,animation,worth,you,know
Though,Chance,only,in,1907,Cubs,defeated,Tigers,in,four
increases,in,worldwide,were,reported,by,Billboard,in,month,his
It,World,by,both,the,Nazi,and,Soviet
2014,Apple,Design,Award,named,best,iPhone,game,of
railroad,expanded,trade,area,to,cover,a,150,and,and
it,was,upon,focused,on,into,British,society,the,18,months
premiere,in,Dubai,held,on,24,October,2011,at,Grand
transport,in,was,inspiration,Baron,through,the,his,the
was,diagnosed,tuberculosis,was,sent,a,in
has,relied,the,Valley,the,sole
Edwards,published,a,significant,entitled,of,of
dismissed,both,the,lawsuit,a,by
mysterious,plane,on,29,March,while,en
Fox,the,project,into,in,and,the,project,moved,Warner,Terry,and
Recent,simulations,indicate,that,the,instead,be,the,rare,that,happen,only
At,the,end,of,admitted,the,cycle,took,longer,than,expected,because,of,the,the,the
recorded,over,a,in,track,listing,chosen
he,was,replaced,Charlie,who,portrayed,character,Charlie
Despite,public,now,participated,it,as,part,his,a
January,her,struggle,with,that,had,caused,temporary,in,one
in,Dorina,became,second,of,intense,tropical,but,weakened,before,passing
allowed,him,to,take,Meredith,to,watch,professional,teams,such
final,stage,occurs,when,massive,star,begins,producing
The,study,rings,may,aid,further,study,mammoth
tropical,wave,into,area,of,disturbed,weather,just,of,the,Mexican,port,of,on,the
in,Kabul,pointed,to,incident,in,September,when,a,helicopter,fired,a
She,loses,consciousness,in,the,and
feeling,of,fatigue,may,last,for,weeks,in
the,the,booth,at,East,Primary,only,won,by,the,Liberal
to,create,to,the,Halo,game,freeing,themselves,the,obligation
Annie,soon,begins,to,interfere,too,the,network
popularity,at,there,organized,effort,establish
discussion,the,Texas,1936,about,moving,remains,next,to,in,the,to
During,his,he,had,strong,power,15,of,his,22,he,had,of
cited,portraits,including,Michel,and,Lawrence
still,stands,today,and,is,now,Bristol
the,remainder,the,war,in,staff,and,training,positions,in
The,flight,plans,often,made,procedures,for,mutual,control,procedures,and,commonly
Leslie,was,designed,mimic,complex,tones,and,constantly,shifting,sources,of,sound,emanating,large,of
The,design,won,critical,acclaim,within,American,architectural
the,stations,were,sold,to,Legacy
limited,and,space,is,occupied,commercial
financial,success,led,adaptations,all
Sonia,weakened,into,a,tropical,disturbance,after,it,failed,maintain,a,closed
A,meter,determines,many,send,at,and,each
He,that,asks,knows,who
the,Divine,who,loves,you,more,you,ever,love
The,forty,created,from,through,1865,eventually,held,nearly,eight
Their,daughter,Anne,was,born
and,Ray,ended,unbeaten,on,12,and,22
Throughout,the,olive,trees,display,their,color,the
Peter,heart,failure,at,age
received,top,level,secret,clearance,in,denied,clearance,in,harsher
Days,of,food,shortages,began,to,arise,as,in,which,food,would,to
Brisbane,Test,between,Australia,and,England,Jackson,suffered,severe,pulmonary
of,and,building,blocks,for,every,main,entry,in,and
true
launched,on,10,August,1889,commissioned,into,fleet,on,29,April
The,way,defeating,enemy,officers,and,troops,while,trying,keep
agreed,do,the,it,went,almost,immediately
born
and,uses,the,hardware,the
face,many,dangers,which,range,by,or,birds,of,of
Butler,temporarily,left,band,in,September,1979,for,personal
sailed,on,14,April,for,Gibraltar,to,the,replacements,to,Ark
the,Royal,on,29,June,and,came,on,1
She,Hong,on,18
developed,rapidly
premiered,October,14,and,was,a,major
in,Virginia,and,Connecticut,were,and,that,he,primarily,interested,in,money,in
debuted,at,number,in,Australia,before,number,35,the,next,week,and,leaving,the
reacted,by,becoming,increasingly,needy
western,range,of,courtyard,contained,the
Many,troops,suffered,from,trench,trench,fever,trench
The,stone,in,light
Early,Carlton,Hill,provided,an
the,sanctions,the,United,the,Japanese,leadership,was,now,even,more,determined,to
celebration,at,dedication,new,tomb,on,November
Balloons,and,shown,behind,them,and,a,whale,jumps,out,before,screen,and
The,crater,about,19,kilometres
rains,from,caused,rivers,exceed,their
With,of,development,they,wrote,several,revolving,and,including,of
in,their,delaying,the,racial,integration
portrayal,has,received,wide,acclaim,from
The,use,cannabis,was,in,1992,and,abortion,was,in
offices,are,only,10,minutes
The,spaces,the,boards,either,blue,with,blue,granting
men,Hart,applied,the,won,the,by,forcing
450,including,Gordon,who,charged,with,high
is,remembered,his,series,essays,entitled,The,Lay
to,reader,that,Colonel,Norton,was,a,traitor,to,to
also,produced,an,introduction,a,third,volume,of,the
He,advanced,to,next
independent,supporters,clubs,during,the,reign,Doug,Ellis,but,most,these,disbanded
The,adult,male,was,about,39,to,41
17,spread,through
prepares,take,unaware,Norman,spying
The,made,the,playable,character,than,other,hack,and,slash,as,they,they
British,forces,withdrew,from,thus,ending,the,Boston
Jim,completed,16,of,his,33,pass,and
for,bridge,was,completed,by,late,June,and,work,was,by
The,glove,or,is,fielding,made,of,padded,leather,with,between
October,released,on,channel,on
In,project,a,model,onto,a,2,dimensional
Films,Mumbai,helped,find,locations,and,cast
the,Lyndon,formed,variety,the,the
Even,Cato,the,Younger,known,to,heavy
All,Italian,sailors,survived,the,attack,and,fell,into,British
It,killing,a,bird,lead,its,partner,for,many,days,and,the,would
later,worked,as,civilian,tracker,for,the,United,Army,the,Apache
begins,four,girls,talking,resting,a,dance
In,incomplete,a,layer,tissue,surrounding,remains,intact,and,can,keep,surrounding
Triple,H,announced,that,the,new
illness,and,attempted,uncover,the,alleged,through,methods,such
the,the,LP,achieved,number,spending,12,weeks,the,charts,with,the,single,number
twice,average,more,than,previous,hurricane
chairman,a,committee,to,draft,a,new,state
in,and,played,at,High
was,the,girl,her,ran,the
organized,1890,financial,assistance,several
Over,of,hours,attempts,by,our,troops,to,up,slopes,to,and
Parker,was,directing,the,version,the,rock,opera,which,starred
Her,engine,produced,top,speed
data,indicated,was,more,volatile,mercury,and,noble,gas
These,lacked,some,of,more,continental,such,angled
abandoned,in
Ariel,on,beach,takes,unaware,that,one
team,four
officially,released
Nothing,good
The,proposal,withdrawn,in,after,considerable,public
the,failure,the,bid,to,develop,the,in,the,the,in
Two,additional,bridges,bearing,his,name,have,since,that
at,having,leave,the,hospital,was,offset,in,was,finally,the,the
the,bag,the,insistence,noticed,the,six,dense,and,perfectly,rectangular,the
and,have,for,cost,management,purposes,to,leave,consolidated,at,this
of,estimate,for,mods,of,000
Volume,clear,up,these
can,extend,the,deal,for,days,6,and,9
allocate,the,piece,until,I,give,you,track
accounting,arrangement,for,these,and,the,new,track,id,for,is
Please,allocate,the,portion,according,rays,schedule,for,these
Deal,(,purchase,from,),needs,to,for,these,2,days
I,need,you,to,your,because,we,have,this
plant,determined,repairs,are,including,replacement,of,of,of
plant,be,until,last
the,plant,will,be,until,the,middle
estimate,of,downtime,will,available,by,tomorrow
to,trade,physical,gas
for,dec,and
We,transfer,funds,from,iv,to
internally,here,in,order
drift,in,as,wary,tone
embattled,chief,financial
said,business,operations,were,functioning
left,his,job,as,treasurer,last,after,concerns,within,company,about
possibly,handful,associates,made,millions,from
While,as,recently,as,strongly,defended
stock,exchange,composite,shares,were,at
Several,trades,yesterday,involved,blocks,of,000,shares,or,possibly,institutional,holders
Earlier,stock,was,above,a
Shares,big,board,were,off
securities,analyst,said
needs,to,disclose,more,information,its,myriad,financial,transactions,with,related,partnerships
none,the,officials,were,available,interviews,last
been,cut,in,half,since
Lay,discussed,the,with,analysts,on,the,conference,neither,was,willing,discuss,details,of,the,transactions,the
one,with
stock,price,peaked,the,summer,of,2000,at
moved,a,job,this,person
Shares,traded,as,low,as
the,factors,that,hurt,the,stock,yesterday,was,a,decision,by
Removed,its,financial,officer,as,federal,securities,regulators,review,business,dealings,between,and,two
which,did,complex,financing,and,deals,with,source,for,and
in,resigned,his,roles,at,partnerships,also,ended,its
lay,told,analysts,and,investors,that,procedures,were,followed,to,the,interests,and,were,the
spokesman,mark,said,neither,was,available,for,comment
number,of,lawsuits,against,followed,the,earnings,report,and,the,news,of,the,sec
investors,are,concerned,two,other,partnerships,set
Among,is,will,end,having,to,issue,new,shares,of,stock,to,cover,commitments
By,and
),(,c,),2001,financial,times
day,lay,defended,amid,questions,about,his,ties
three,those
might,have,to,assets,below,book,to,maintain,its,credit,to,to,its
lose,customers,to,competitors,that,were,not,under,such
believes,concerns,and,the,sec,inquiry,will,prove,the,company,has,done
disappointed,had,been,more,conference,call,it,held,on,it
abandoning,the,stock,since,when,told,analysts,it,taking
has,thoroughly,leading,to,confusion,among,analysts,an,unofficial,inquiry,the,securities
concerned,might,have,to,assets,below,book,to,maintain,its,to,to,its
might,lose,customers,to,competitors,that,are,not,under,such
believes,concerns,misplaced,and,that,the,sec,will,prove,that,the,company,done
All,reserved,to,lose,a,chief,may,regarded,a
The,securities,and,exchange,commission,is,conducting,an,informal
is,whether,have,to,sell,or,issue,new,stock,to,possible
is,unlikely,lose,investment,grade,but,is,real,risk,for
has,(,following,former,chief,who,quit,after
ousted,chief,financial,amid,a,securities,and,exchange,commission,inquiry
to,address,said,the,partnerships,were,fully,disclosed,and,contained,to,the
going,to,depend,to,its

crisis,of,confidence
its,chief,financial,officer,yesterday,as,its,stock,continued
former,treasurer
The,sec,currently,looking,into,the,partnership
of,the,past,to,a,call,morning,with,wall,to
the,officials,declined,to,specify
acknowledged,transactions,with,partnerships,run,by,its,chief,financial,officer,led,of
reduced,price,target,down,us,from,us,more,bad,news,was,to
While,allegations,cloud
Internal,documents,indicate,and,possibly,handful,of,associates,made,millions,of,from,the,the
chief,financial,amid,a,securities,and,exchange,commission,inquiry,partnerships
based,have,plunged,this
bought,back,62,million,from,2,at,a,cost,of
announced,would,leave,after,its,stock,closed,down
said,it,is,an,informal,inquiry,that,is,cooperating,that
difficult,conference,call,lay,gave
the,that,might,come,from,being,in,so,a,that
2,entered,agreements,that,gave,it,increases,in,the,value,broadband,assets,the
the,board,would,not,have,entered,the,2,transaction,it,had,not,it,would
get,this,bad,has,risked,good,faith,among,and
at,the,hub,of,a,vast,power,conspiracy,screw,the
one,smells,worse,anything,might,done,at,one
to,departed,immunity,to,get,to,the,bottom,the
to,while,there,some,left,to,pay,the
offered,little,news,but,lots,earnings,and,investors,voted,according,whether
by,to
Among,rose,97
among,small,rose
natural,gas,fell,34,or
systems,rose,83,or,",",to
board,analyst,is,still,in,testing,stages,but,is,expected,launch,next,she
and,partner,monks,several,books,on,corporate,governance,and,shareholder
corporate,governance,since,its,the,1970,focused,making,more,and
trading,in,drifted,sideways,as,investors,awaited,the
to,an,economic,stimulus,announced,on,coupled,an,uncertain,mood,in,an
Technology,stocks,around,their,new,closing
Computer,traded,on,the,electronic,brokerage,at
the,&,p,500,futures,contract,was,down
dealer,said,investors,appeared,to,be,holding,back,before,the,an,economic,stimulus,approved
of,representatives,narrowly,passed,package,designed,inject,billion,economy,over,next,year
stocks,held,on,to,small,morning,trade,but,earnings,from
By,dow,industrial,average,was,down
Shares,12,per
stock,dropped,6,per,cent,to
fell,1,per,cent
stocks,the,worst,performing,with,shares,in,down
trading,is,scrutiny,by,securities,and,exchange,commission,and,analysts,about,its,accounting
dropped,per,2,per,cent,petroleum,per,cent
Technology,gained,with,up
technology,stocks,with,systems,up
20,per
the,of,dropped,1,per,cent,to
lower,early,trading,as,a,from,top,life,cast,a,cloud
fell,in,with,royal,bank,off,93,cents,at,c
The,&,p,300,composite,index,was
replaces
its,new,chief,financial,officer,replacing
since,last,week,as,have,about,its,in,in,since
spokesperson,said,numerous,discussions,and,led
Shares,fell,more,17,percent,to
street,firms,cut,ratings,shares,including
held,with,its,forecast,of
and,exchange,commission,is,now,looking,into,for,possible,conflict,of
wall,street,that,it,who,first,spoke,up,the,perception,the
paper,week,said,saw,no,problem,which,led,to
has,denied,but,has,been,limited,his,speak,about,issues,because
as,a,had,a,stellar,image,as,a,corporate,with,a
